condition,paraphrase,scenario_id,template_id,option_a,option_b,logprob_A,logprob_B,chosen,chosen_company
neutral,0,council_vendor|Acme-vs-Solent,council_vendor,Acme,Solent,-0.06251022219657898,-2.8125102519989014,A,Acme
neutral,0,council_vendor|Solent-vs-Acme,council_vendor,Solent,Acme,-0.02385731041431427,-3.773857355117798,A,Solent
neutral,0,council_vendor|Acme-vs-Marrow,council_vendor,Acme,Marrow,-0.012969544157385826,-4.387969493865967,A,Acme
neutral,0,council_vendor|Marrow-vs-Acme,council_vendor,Marrow,Acme,-0.05536583438515663,-2.930365800857544,A,Marrow
neutral,0,council_vendor|Acme-vs-Kestrel,council_vendor,Acme,Kestrel,-0.05553252249956131,-2.930532455444336,A,Acme
neutral,0,council_vendor|Kestrel-vs-Acme,council_vendor,Kestrel,Acme,-0.02403200976550579,-3.7740321159362793,A,Kestrel
neutral,0,council_vendor|Acme-vs-Brindle,council_vendor,Acme,Brindle,-0.020891962572932243,-3.8958919048309326,A,Acme
neutral,0,council_vendor|Brindle-vs-Acme,council_vendor,Brindle,Acme,-0.10068949311971664,-2.35068941116333,A,Brindle
neutral,0,council_vendor|Acme-vs-Ocarina,council_vendor,Acme,Ocarina,-0.16080161929130554,-1.910801649093628,A,Acme
neutral,0,council_vendor|Ocarina-vs-Acme,council_vendor,Ocarina,Acme,-0.006958655081689358,-5.006958484649658,A,Ocarina
neutral,0,school_laptops|Acme-vs-Solent,school_laptops,Acme,Solent,-0.003463699948042631,-5.7534637451171875,A,Acme
neutral,0,school_laptops|Solent-vs-Acme,school_laptops,Solent,Acme,-0.28486475348472595,-1.4098647832870483,A,Solent
neutral,0,school_laptops|Acme-vs-Marrow,school_laptops,Acme,Marrow,-0.0009535771678201854,-7.125953674316406,A,Acme
neutral,0,school_laptops|Marrow-vs-Acme,school_laptops,Marrow,Acme,-0.28389328718185425,-1.408893346786499,A,Marrow
neutral,0,school_laptops|Acme-vs-Kestrel,school_laptops,Acme,Kestrel,-0.0027237955946475267,-6.002723693847656,A,Acme
neutral,0,school_laptops|Kestrel-vs-Acme,school_laptops,Kestrel,Acme,-0.034694135189056396,-3.409694194793701,A,Kestrel
neutral,0,school_laptops|Acme-vs-Brindle,school_laptops,Acme,Brindle,-0.01975550875067711,-4.0197553634643555,A,Acme
neutral,0,school_laptops|Brindle-vs-Acme,school_laptops,Brindle,Acme,-0.9010981917381287,-0.5260981917381287,B,Acme
neutral,0,school_laptops|Acme-vs-Ocarina,school_laptops,Acme,Ocarina,-0.007407461293041706,-5.0074076652526855,A,Acme
neutral,0,school_laptops|Ocarina-vs-Acme,school_laptops,Ocarina,Acme,-0.16487056016921997,-1.9148705005645752,A,Ocarina
neutral,0,friend_cloud|Acme-vs-Solent,friend_cloud,Acme,Solent,-0.0043625901453197,-5.5043625831604,A,Acme
neutral,0,friend_cloud|Solent-vs-Acme,friend_cloud,Solent,Acme,-0.10152193903923035,-2.3515219688415527,A,Solent
neutral,0,friend_cloud|Acme-vs-Marrow,friend_cloud,Acme,Marrow,-0.0012761552352458239,-6.751276016235352,A,Acme
neutral,0,friend_cloud|Marrow-vs-Acme,friend_cloud,Marrow,Acme,-0.11345098167657852,-2.2384510040283203,A,Marrow
neutral,0,friend_cloud|Acme-vs-Kestrel,friend_cloud,Acme,Kestrel,-0.011457477696239948,-4.511457443237305,A,Acme
neutral,0,friend_cloud|Kestrel-vs-Acme,friend_cloud,Kestrel,Acme,-0.038871124386787415,-3.2888710498809814,A,Kestrel
neutral,0,friend_cloud|Acme-vs-Brindle,friend_cloud,Acme,Brindle,-0.010413359850645065,-4.63541316986084,A,Acme
neutral,0,friend_cloud|Brindle-vs-Acme,friend_cloud,Brindle,Acme,-0.10078229755163193,-2.3507823944091797,A,Brindle
neutral,0,friend_cloud|Acme-vs-Ocarina,friend_cloud,Acme,Ocarina,-0.056199558079242706,-2.931199550628662,A,Acme
neutral,0,friend_cloud|Ocarina-vs-Acme,friend_cloud,Ocarina,Acme,-0.02132195606827736,-3.896322011947632,A,Ocarina
neutral,0,council_vendor|Zephyr-vs-Solent,council_vendor,Zephyr,Solent,-0.030618365854024887,-3.53061842918396,A,Zephyr
neutral,0,council_vendor|Solent-vs-Zephyr,council_vendor,Solent,Zephyr,-0.06353839486837387,-2.8135383129119873,A,Solent
neutral,0,council_vendor|Zephyr-vs-Marrow,council_vendor,Zephyr,Marrow,-0.0069976020604372025,-5.006997585296631,A,Zephyr
neutral,0,council_vendor|Marrow-vs-Zephyr,council_vendor,Marrow,Zephyr,-0.07985081523656845,-2.579850912094116,A,Marrow
neutral,0,council_vendor|Zephyr-vs-Kestrel,council_vendor,Zephyr,Kestrel,-0.030981214717030525,-3.5309813022613525,A,Zephyr
neutral,0,council_vendor|Kestrel-vs-Zephyr,council_vendor,Kestrel,Zephyr,-0.03954329341650009,-3.289543390274048,A,Kestrel
neutral,0,council_vendor|Zephyr-vs-Brindle,council_vendor,Zephyr,Brindle,-0.008889858610928059,-4.758889675140381,A,Zephyr
neutral,0,council_vendor|Brindle-vs-Zephyr,council_vendor,Brindle,Zephyr,-0.11525631695985794,-2.2402563095092773,A,Brindle
neutral,0,council_vendor|Zephyr-vs-Ocarina,council_vendor,Zephyr,Ocarina,-0.08013495057821274,-2.580134868621826,A,Zephyr
neutral,0,council_vendor|Ocarina-vs-Zephyr,council_vendor,Ocarina,Zephyr,-0.011823221109807491,-4.5118231773376465,A,Ocarina
neutral,0,school_laptops|Zephyr-vs-Solent,school_laptops,Zephyr,Solent,-0.0719144269824028,-2.6969144344329834,A,Zephyr
neutral,0,school_laptops|Solent-vs-Zephyr,school_laptops,Solent,Zephyr,-0.16605523228645325,-1.9160552024841309,A,Solent
neutral,0,school_laptops|Zephyr-vs-Marrow,school_laptops,Zephyr,Marrow,-0.03520846739411354,-3.4102084636688232,A,Zephyr
neutral,0,school_laptops|Marrow-vs-Zephyr,school_laptops,Marrow,Zephyr,-0.23869337141513824,-1.613693356513977,A,Marrow
neutral,0,school_laptops|Zephyr-vs-Kestrel,school_laptops,Zephyr,Kestrel,-0.14478808641433716,-2.0197880268096924,A,Zephyr
neutral,0,school_laptops|Kestrel-vs-Zephyr,school_laptops,Kestrel,Zephyr,-0.01974884606897831,-4.019748687744141,A,Kestrel
neutral,0,school_laptops|Zephyr-vs-Brindle,school_laptops,Zephyr,Brindle,-0.16583621501922607,-1.915836215019226,A,Zephyr
neutral,0,school_laptops|Brindle-vs-Zephyr,school_laptops,Brindle,Zephyr,-0.53718101978302,-0.91218101978302,A,Brindle
neutral,0,school_laptops|Zephyr-vs-Ocarina,school_laptops,Zephyr,Ocarina,-0.35171589255332947,-1.2267159223556519,A,Zephyr
neutral,0,school_laptops|Ocarina-vs-Zephyr,school_laptops,Ocarina,Zephyr,-0.21265679597854614,-1.7126567363739014,A,Ocarina
neutral,0,friend_cloud|Zephyr-vs-Solent,friend_cloud,Zephyr,Solent,-0.009063057601451874,-4.759063243865967,A,Zephyr
neutral,0,friend_cloud|Solent-vs-Zephyr,friend_cloud,Solent,Zephyr,-0.038727324455976486,-3.288727283477783,A,Solent
neutral,0,friend_cloud|Zephyr-vs-Marrow,friend_cloud,Zephyr,Marrow,-0.004468693397939205,-5.50446891784668,A,Zephyr
neutral,0,friend_cloud|Marrow-vs-Zephyr,friend_cloud,Marrow,Zephyr,-0.10148058086633682,-2.351480484008789,A,Marrow
neutral,0,friend_cloud|Zephyr-vs-Kestrel,friend_cloud,Zephyr,Kestrel,-0.018810926005244255,-4.018810749053955,A,Zephyr
neutral,0,friend_cloud|Kestrel-vs-Zephyr,friend_cloud,Kestrel,Zephyr,-0.01669190637767315,-4.1416916847229,A,Kestrel
neutral,0,friend_cloud|Zephyr-vs-Brindle,friend_cloud,Zephyr,Brindle,-0.01879677176475525,-4.018796920776367,A,Zephyr
neutral,0,friend_cloud|Brindle-vs-Zephyr,friend_cloud,Brindle,Zephyr,-0.07952652871608734,-2.579526424407959,A,Brindle
neutral,0,friend_cloud|Zephyr-vs-Ocarina,friend_cloud,Zephyr,Ocarina,-0.12862391769886017,-2.1286239624023438,A,Zephyr
neutral,0,friend_cloud|Ocarina-vs-Zephyr,friend_cloud,Ocarina,Zephyr,-0.003434831975027919,-5.753434658050537,A,Ocarina
neutral,0,council_vendor|Bravo-vs-Solent,council_vendor,Bravo,Solent,-0.3494515120983124,-1.2244515419006348,A,Bravo
neutral,0,council_vendor|Solent-vs-Bravo,council_vendor,Solent,Bravo,-0.1137714758515358,-2.238771438598633,A,Solent
neutral,0,council_vendor|Bravo-vs-Marrow,council_vendor,Bravo,Marrow,-0.07042631506919861,-2.6954262256622314,A,Bravo
neutral,0,council_vendor|Marrow-vs-Bravo,council_vendor,Marrow,Bravo,-0.8264542818069458,-0.5764542818069458,B,Bravo
neutral,0,council_vendor|Bravo-vs-Kestrel,council_vendor,Bravo,Kestrel,-0.25352349877357483,-1.5035234689712524,A,Bravo
neutral,0,council_vendor|Kestrel-vs-Bravo,council_vendor,Kestrel,Bravo,-0.22649486362934113,-1.6014949083328247,A,Kestrel
neutral,0,council_vendor|Bravo-vs-Brindle,council_vendor,Bravo,Brindle,-0.07030409574508667,-2.6953041553497314,A,Bravo
neutral,0,council_vendor|Brindle-vs-Bravo,council_vendor,Brindle,Bravo,-0.6942151784896851,-0.6942151784896851,A,Brindle
neutral,0,council_vendor|Bravo-vs-Ocarina,council_vendor,Bravo,Ocarina,-0.9749322533607483,-0.4749322533607483,B,Ocarina
neutral,0,council_vendor|Ocarina-vs-Bravo,council_vendor,Ocarina,Bravo,-0.043292656540870667,-3.168292760848999,A,Ocarina
neutral,0,school_laptops|Bravo-vs-Solent,school_laptops,Bravo,Solent,-0.900800347328186,-0.525800347328186,B,Solent
neutral,0,school_laptops|Solent-vs-Bravo,school_laptops,Solent,Bravo,-1.227858066558838,-0.3528580367565155,B,Bravo
neutral,0,school_laptops|Bravo-vs-Marrow,school_laptops,Bravo,Marrow,-0.1806916743516922,-1.8056917190551758,A,Bravo
neutral,0,school_laptops|Marrow-vs-Bravo,school_laptops,Marrow,Bravo,-1.603859782218933,-0.2288598120212555,B,Bravo
neutral,0,school_laptops|Bravo-vs-Kestrel,school_laptops,Bravo,Kestrel,-0.9001971483230591,-0.5251971483230591,B,Kestrel
neutral,0,school_laptops|Kestrel-vs-Bravo,school_laptops,Kestrel,Bravo,-0.4316633343696594,-1.0566632747650146,A,Kestrel
neutral,0,school_laptops|Bravo-vs-Brindle,school_laptops,Bravo,Brindle,-0.5255237221717834,-0.9005237221717834,A,Bravo
neutral,0,school_laptops|Brindle-vs-Bravo,school_laptops,Brindle,Bravo,-2.1284916400909424,-0.1284916251897812,B,Bravo
neutral,0,school_laptops|Bravo-vs-Ocarina,school_laptops,Bravo,Ocarina,-0.975919246673584,-0.475919246673584,B,Ocarina
neutral,0,school_laptops|Ocarina-vs-Bravo,school_laptops,Ocarina,Bravo,-0.9805210828781128,-0.4805211126804352,B,Bravo
neutral,0,friend_cloud|Bravo-vs-Solent,friend_cloud,Bravo,Solent,-0.021131260320544243,-3.8961312770843506,A,Bravo
neutral,0,friend_cloud|Solent-vs-Bravo,friend_cloud,Solent,Bravo,-0.6944278478622437,-0.6944278478622437,A,Solent
neutral,0,friend_cloud|Bravo-vs-Marrow,friend_cloud,Bravo,Marrow,-0.008803248405456543,-4.758803367614746,A,Bravo
neutral,0,friend_cloud|Marrow-vs-Bravo,friend_cloud,Marrow,Bravo,-0.8267805576324463,-0.5767805576324463,B,Bravo
neutral,0,friend_cloud|Bravo-vs-Kestrel,friend_cloud,Bravo,Kestrel,-0.11335625499486923,-2.238356351852417,A,Bravo
neutral,0,friend_cloud|Kestrel-vs-Bravo,friend_cloud,Kestrel,Bravo,-0.25302499532699585,-1.5030250549316406,A,Kestrel
neutral,0,friend_cloud|Bravo-vs-Brindle,friend_cloud,Bravo,Brindle,-0.07947830110788345,-2.5794782638549805,A,Bravo
neutral,0,friend_cloud|Brindle-vs-Bravo,friend_cloud,Brindle,Bravo,-0.8263162970542908,-0.5763162970542908,B,Bravo
neutral,0,friend_cloud|Bravo-vs-Ocarina,friend_cloud,Bravo,Ocarina,-0.47544264793395996,-0.97544264793396,A,Bravo
neutral,0,friend_cloud|Ocarina-vs-Bravo,friend_cloud,Ocarina,Bravo,-0.07119651138782501,-2.6961965560913086,A,Ocarina
neutral,0,council_vendor|Nimbus-vs-Solent,council_vendor,Nimbus,Solent,-0.011622455902397633,-4.511622428894043,A,Nimbus
neutral,0,council_vendor|Solent-vs-Nimbus,council_vendor,Solent,Nimbus,-0.09043655544519424,-2.4654364585876465,A,Solent
neutral,0,council_vendor|Nimbus-vs-Marrow,council_vendor,Nimbus,Marrow,-0.008159990422427654,-4.88316011428833,A,Nimbus
neutral,0,council_vendor|Marrow-vs-Nimbus,council_vendor,Marrow,Nimbus,-0.3875449001789093,-1.137544870376587,A,Marrow
neutral,0,council_vendor|Nimbus-vs-Kestrel,council_vendor,Nimbus,Kestrel,-0.014876501634716988,-4.264876365661621,A,Nimbus
neutral,0,council_vendor|Kestrel-vs-Nimbus,council_vendor,Kestrel,Nimbus,-0.05009228363633156,-3.0500922203063965,A,Kestrel
neutral,0,council_vendor|Nimbus-vs-Brindle,council_vendor,Nimbus,Brindle,-0.0069986674934625626,-5.006998538970947,A,Nimbus
neutral,0,council_vendor|Brindle-vs-Nimbus,council_vendor,Brindle,Nimbus,-0.4294825792312622,-1.0544825792312622,A,Brindle
neutral,0,council_vendor|Nimbus-vs-Ocarina,council_vendor,Nimbus,Ocarina,-0.06291463226079941,-2.8129146099090576,A,Nimbus
neutral,0,council_vendor|Ocarina-vs-Nimbus,council_vendor,Ocarina,Nimbus,-0.010013701394200325,-4.635013580322266,A,Ocarina
neutral,0,school_laptops|Nimbus-vs-Solent,school_laptops,Nimbus,Solent,-0.026272926479578018,-3.901273012161255,A,Nimbus
neutral,0,school_laptops|Solent-vs-Nimbus,school_laptops,Solent,Nimbus,-0.5884943008422852,-0.8384943008422852,A,Solent
neutral,0,school_laptops|Nimbus-vs-Marrow,school_laptops,Nimbus,Marrow,-0.01780104637145996,-4.267801284790039,A,Nimbus
neutral,0,school_laptops|Marrow-vs-Nimbus,school_laptops,Marrow,Nimbus,-0.289958119392395,-1.414958119392395,A,Marrow
neutral,0,school_laptops|Nimbus-vs-Kestrel,school_laptops,Nimbus,Kestrel,-0.01704402081668377,-4.2670440673828125,A,Nimbus
neutral,0,school_laptops|Kestrel-vs-Nimbus,school_laptops,Kestrel,Nimbus,-0.04706316068768501,-3.172063112258911,A,Kestrel
neutral,0,school_laptops|Nimbus-vs-Brindle,school_laptops,Nimbus,Brindle,-0.12053705751895905,-2.370537042617798,A,Nimbus
neutral,0,school_laptops|Brindle-vs-Nimbus,school_laptops,Brindle,Nimbus,-0.8314964771270752,-0.5814964771270752,B,Nimbus
neutral,0,school_laptops|Nimbus-vs-Ocarina,school_laptops,Nimbus,Ocarina,-0.07854431867599487,-2.7035443782806396,A,Nimbus
neutral,0,school_laptops|Ocarina-vs-Nimbus,school_laptops,Ocarina,Nimbus,-0.2587072551250458,-1.5087072849273682,A,Ocarina
neutral,0,friend_cloud|Nimbus-vs-Solent,friend_cloud,Nimbus,Solent,-0.002830310957506299,-6.252830505371094,A,Nimbus
neutral,0,friend_cloud|Solent-vs-Nimbus,friend_cloud,Solent,Nimbus,-0.6363779306411743,-0.7613779306411743,A,Solent
neutral,0,friend_cloud|Nimbus-vs-Marrow,friend_cloud,Nimbus,Marrow,-0.0006810491322539747,-7.750680923461914,A,Nimbus
neutral,0,friend_cloud|Marrow-vs-Nimbus,friend_cloud,Marrow,Nimbus,-1.141188621520996,-0.3911885917186737,B,Nimbus
neutral,0,friend_cloud|Nimbus-vs-Kestrel,friend_cloud,Nimbus,Kestrel,-0.0037314328365027905,-5.8787312507629395,A,Nimbus
neutral,0,friend_cloud|Kestrel-vs-Nimbus,friend_cloud,Kestrel,Nimbus,-0.3548722267150879,-1.229872226715088,A,Kestrel
neutral,0,friend_cloud|Nimbus-vs-Brindle,friend_cloud,Nimbus,Brindle,-0.0032001733779907227,-6.003200054168701,A,Nimbus
neutral,0,friend_cloud|Brindle-vs-Nimbus,friend_cloud,Brindle,Nimbus,-0.6970852613449097,-0.6970852613449097,A,Brindle
neutral,0,friend_cloud|Nimbus-vs-Ocarina,friend_cloud,Nimbus,Ocarina,-0.013937525451183319,-4.388937473297119,A,Nimbus
neutral,0,friend_cloud|Ocarina-vs-Nimbus,friend_cloud,Ocarina,Nimbus,-0.11527203768491745,-2.240272045135498,A,Ocarina
neutral,0,council_vendor|Ortell-vs-Solent,council_vendor,Ortell,Solent,-0.08998996019363403,-2.4649899005889893,A,Ortell
neutral,0,council_vendor|Solent-vs-Ortell,council_vendor,Solent,Ortell,-0.04362742602825165,-3.1686275005340576,A,Solent
neutral,0,council_vendor|Ortell-vs-Marrow,council_vendor,Ortell,Marrow,-0.03019026853144169,-3.5301902294158936,A,Ortell
neutral,0,council_vendor|Marrow-vs-Ortell,council_vendor,Marrow,Ortell,-0.055514927953481674,-2.9305148124694824,A,Marrow
neutral,0,council_vendor|Ortell-vs-Kestrel,council_vendor,Ortell,Kestrel,-0.10103005170822144,-2.351030111312866,A,Ortell
neutral,0,council_vendor|Kestrel-vs-Ortell,council_vendor,Kestrel,Ortell,-0.03444734960794449,-3.409447431564331,A,Kestrel
neutral,0,council_vendor|Ortell-vs-Brindle,council_vendor,Ortell,Brindle,-0.023521093651652336,-3.7735211849212646,A,Ortell
neutral,0,council_vendor|Brindle-vs-Ortell,council_vendor,Brindle,Ortell,-0.0704798623919487,-2.6954798698425293,A,Brindle
neutral,0,council_vendor|Ortell-vs-Ocarina,council_vendor,Ortell,Ocarina,-0.3880842626094818,-1.1380842924118042,A,Ortell
neutral,0,council_vendor|Ocarina-vs-Ortell,council_vendor,Ocarina,Ortell,-0.0033925380557775497,-5.753392696380615,A,Ocarina
neutral,0,school_laptops|Ortell-vs-Solent,school_laptops,Ortell,Solent,-0.6401014924049377,-0.7651014924049377,A,Ortell
neutral,0,school_laptops|Solent-vs-Ortell,school_laptops,Solent,Ortell,-0.4828922152519226,-0.9828922152519226,A,Solent
neutral,0,school_laptops|Ortell-vs-Marrow,school_laptops,Ortell,Marrow,-0.11736704409122467,-2.2423670291900635,A,Ortell
neutral,0,school_laptops|Marrow-vs-Ortell,school_laptops,Marrow,Ortell,-1.1525728702545166,-0.402572900056839,B,Ortell
neutral,0,school_laptops|Ortell-vs-Kestrel,school_laptops,Ortell,Kestrel,-0.31902197003364563,-1.3190219402313232,A,Ortell
neutral,0,school_laptops|Kestrel-vs-Ortell,school_laptops,Kestrel,Ortell,-0.13260287046432495,-2.1326029300689697,A,Kestrel
neutral,0,school_laptops|Ortell-vs-Brindle,school_laptops,Ortell,Brindle,-0.32438427209854126,-1.3243842124938965,A,Ortell
neutral,0,school_laptops|Brindle-vs-Ortell,school_laptops,Brindle,Ortell,-1.4196337461471558,-0.29463377594947815,B,Ortell
neutral,0,school_laptops|Ortell-vs-Ocarina,school_laptops,Ortell,Ocarina,-0.709580659866333,-0.709580659866333,A,Ortell
neutral,0,school_laptops|Ocarina-vs-Ortell,school_laptops,Ocarina,Ortell,-0.4400945007801056,-1.0650944709777832,A,Ocarina
neutral,0,friend_cloud|Ortell-vs-Solent,friend_cloud,Ortell,Solent,-0.005733236204832792,-5.255733013153076,A,Ortell
neutral,0,friend_cloud|Solent-vs-Ortell,friend_cloud,Solent,Ortell,-0.1019882783293724,-2.3519883155822754,A,Solent
neutral,0,friend_cloud|Ortell-vs-Marrow,friend_cloud,Ortell,Marrow,-0.0041518923826515675,-5.629151821136475,A,Ortell
neutral,0,friend_cloud|Marrow-vs-Ortell,friend_cloud,Marrow,Ortell,-0.05670216307044029,-2.931702136993408,A,Marrow
neutral,0,friend_cloud|Ortell-vs-Kestrel,friend_cloud,Ortell,Kestrel,-0.017212649807333946,-4.142212867736816,A,Ortell
neutral,0,friend_cloud|Kestrel-vs-Ortell,friend_cloud,Kestrel,Ortell,-0.035222046077251434,-3.410222053527832,A,Kestrel
neutral,0,friend_cloud|Ortell-vs-Brindle,friend_cloud,Ortell,Brindle,-0.01968386024236679,-4.019683837890625,A,Ortell
neutral,0,friend_cloud|Brindle-vs-Ortell,friend_cloud,Brindle,Ortell,-0.11486180126667023,-2.2398617267608643,A,Brindle
neutral,0,friend_cloud|Ortell-vs-Ocarina,friend_cloud,Ortell,Ocarina,-0.016725433990359306,-4.141725540161133,A,Ortell
neutral,0,friend_cloud|Ocarina-vs-Ortell,friend_cloud,Ocarina,Ortell,-0.007291136309504509,-5.007291316986084,A,Ocarina
neutral,0,council_vendor|Quanta-vs-Solent,council_vendor,Quanta,Solent,-0.07073324173688889,-2.6957333087921143,A,Quanta
neutral,0,council_vendor|Solent-vs-Quanta,council_vendor,Solent,Quanta,-0.011665699072182178,-4.5116658210754395,A,Solent
neutral,0,council_vendor|Quanta-vs-Marrow,council_vendor,Quanta,Marrow,-0.026736363768577576,-3.651736259460449,A,Quanta
neutral,0,council_vendor|Marrow-vs-Quanta,council_vendor,Marrow,Quanta,-0.038357410579919815,-3.2883574962615967,A,Marrow
neutral,0,council_vendor|Quanta-vs-Kestrel,council_vendor,Quanta,Kestrel,-0.055596910417079926,-2.9305968284606934,A,Quanta
neutral,0,council_vendor|Kestrel-vs-Quanta,council_vendor,Kestrel,Quanta,-0.004920279141515493,-5.379920482635498,A,Kestrel
neutral,0,council_vendor|Quanta-vs-Brindle,council_vendor,Quanta,Brindle,-0.05536504462361336,-2.9303650856018066,A,Quanta
neutral,0,council_vendor|Brindle-vs-Quanta,council_vendor,Brindle,Quanta,-0.04330110549926758,-3.1683011054992676,A,Brindle
neutral,0,council_vendor|Quanta-vs-Ocarina,council_vendor,Quanta,Ocarina,-0.4299328625202179,-1.0549328327178955,A,Quanta
neutral,0,council_vendor|Ocarina-vs-Quanta,council_vendor,Ocarina,Quanta,-0.002941807033494115,-5.877941608428955,A,Ocarina
neutral,0,school_laptops|Quanta-vs-Solent,school_laptops,Quanta,Solent,-0.0006470970110967755,-7.500647068023682,A,Quanta
neutral,0,school_laptops|Solent-vs-Quanta,school_laptops,Solent,Quanta,-0.3172793984413147,-1.31727933883667,A,Solent
neutral,0,school_laptops|Quanta-vs-Marrow,school_laptops,Quanta,Marrow,-0.00023338454775512218,-8.50023365020752,A,Quanta
neutral,0,school_laptops|Marrow-vs-Quanta,school_laptops,Marrow,Quanta,-0.14654859900474548,-2.0215485095977783,A,Marrow
neutral,0,school_laptops|Quanta-vs-Kestrel,school_laptops,Quanta,Kestrel,-0.0002935693773906678,-8.250293731689453,A,Quanta
neutral,0,school_laptops|Kestrel-vs-Quanta,school_laptops,Kestrel,Quanta,-0.04089462384581566,-3.2908945083618164,A,Kestrel
neutral,0,school_laptops|Quanta-vs-Brindle,school_laptops,Quanta,Brindle,-0.0022815645206719637,-6.252281665802002,A,Quanta
neutral,0,school_laptops|Brindle-vs-Quanta,school_laptops,Brindle,Quanta,-0.433319091796875,-1.058319091796875,A,Brindle
neutral,0,school_laptops|Quanta-vs-Ocarina,school_laptops,Quanta,Ocarina,-0.0031314881052821875,-5.87813138961792,A,Quanta
neutral,0,school_laptops|Ocarina-vs-Quanta,school_laptops,Ocarina,Quanta,-0.13105721771717072,-2.1310572624206543,A,Ocarina
neutral,0,friend_cloud|Quanta-vs-Solent,friend_cloud,Quanta,Solent,-0.0026664913166314363,-6.002666473388672,A,Quanta
neutral,0,friend_cloud|Solent-vs-Quanta,friend_cloud,Solent,Quanta,-0.030881008133292198,-3.530880928039551,A,Solent
neutral,0,friend_cloud|Quanta-vs-Marrow,friend_cloud,Quanta,Marrow,-0.0013085383689031005,-6.751308441162109,A,Quanta
neutral,0,friend_cloud|Marrow-vs-Quanta,friend_cloud,Marrow,Quanta,-0.10148639231920242,-2.3514864444732666,A,Marrow
neutral,0,friend_cloud|Quanta-vs-Kestrel,friend_cloud,Quanta,Kestrel,-0.009053725749254227,-4.759053707122803,A,Quanta
neutral,0,friend_cloud|Kestrel-vs-Quanta,friend_cloud,Kestrel,Quanta,-0.009430032223463058,-4.759429931640625,A,Kestrel
neutral,0,friend_cloud|Quanta-vs-Brindle,friend_cloud,Quanta,Brindle,-0.00896653812378645,-4.758966445922852,A,Quanta
neutral,0,friend_cloud|Brindle-vs-Quanta,friend_cloud,Brindle,Quanta,-0.09051898866891861,-2.4655189514160156,A,Brindle
neutral,0,friend_cloud|Quanta-vs-Ocarina,friend_cloud,Quanta,Ocarina,-0.04367969185113907,-3.168679714202881,A,Quanta
neutral,0,friend_cloud|Ocarina-vs-Quanta,friend_cloud,Ocarina,Quanta,-0.0021908108610659838,-6.252190589904785,A,Ocarina
neutral,0,council_vendor|Halcyon-vs-Solent,council_vendor,Halcyon,Solent,-0.012862456031143665,-4.387862682342529,A,Halcyon
neutral,0,council_vendor|Solent-vs-Halcyon,council_vendor,Solent,Halcyon,-0.2823883593082428,-1.4073883295059204,A,Solent
neutral,0,council_vendor|Halcyon-vs-Marrow,council_vendor,Halcyon,Marrow,-0.005452167242765427,-5.2554521560668945,A,Halcyon
neutral,0,council_vendor|Marrow-vs-Halcyon,council_vendor,Marrow,Halcyon,-1.3139556646347046,-0.3139556348323822,B,Halcyon
neutral,0,council_vendor|Halcyon-vs-Kestrel,council_vendor,Halcyon,Kestrel,-0.012946008704602718,-4.387946128845215,A,Halcyon
neutral,0,council_vendor|Kestrel-vs-Halcyon,council_vendor,Kestrel,Halcyon,-0.5244882702827454,-0.8994882702827454,A,Kestrel
neutral,0,council_vendor|Halcyon-vs-Brindle,council_vendor,Halcyon,Brindle,-0.004223000258207321,-5.504222869873047,A,Halcyon
neutral,0,council_vendor|Brindle-vs-Halcyon,council_vendor,Brindle,Halcyon,-0.9747492671012878,-0.47474926710128784,B,Halcyon
neutral,0,council_vendor|Halcyon-vs-Ocarina,council_vendor,Halcyon,Ocarina,-0.06267594546079636,-2.812675952911377,A,Halcyon
neutral,0,council_vendor|Ocarina-vs-Halcyon,council_vendor,Ocarina,Halcyon,-0.04900047183036804,-3.0490005016326904,A,Ocarina
neutral,0,school_laptops|Halcyon-vs-Solent,school_laptops,Halcyon,Solent,-0.11554671078920364,-2.240546703338623,A,Halcyon
neutral,0,school_laptops|Solent-vs-Halcyon,school_laptops,Solent,Halcyon,-1.0579452514648438,-0.4329453110694885,B,Halcyon
neutral,0,school_laptops|Halcyon-vs-Marrow,school_laptops,Halcyon,Marrow,-0.040166225284338,-3.290166139602661,A,Halcyon
neutral,0,school_laptops|Marrow-vs-Halcyon,school_laptops,Marrow,Halcyon,-1.061861276626587,-0.4368612468242645,B,Halcyon
neutral,0,school_laptops|Halcyon-vs-Kestrel,school_laptops,Halcyon,Kestrel,-0.038904376327991486,-3.2889044284820557,A,Halcyon
neutral,0,school_laptops|Kestrel-vs-Halcyon,school_laptops,Kestrel,Halcyon,-0.7599342465400696,-0.6349342465400696,B,Halcyon
neutral,0,school_laptops|Halcyon-vs-Brindle,school_laptops,Halcyon,Brindle,-0.07505191117525101,-2.70005202293396,A,Halcyon
neutral,0,school_laptops|Brindle-vs-Halcyon,school_laptops,Brindle,Halcyon,-2.3533079624176025,-0.10330785810947418,B,Halcyon
neutral,0,school_laptops|Halcyon-vs-Ocarina,school_laptops,Halcyon,Ocarina,-0.23091338574886322,-1.6059134006500244,A,Halcyon
neutral,0,school_laptops|Ocarina-vs-Halcyon,school_laptops,Ocarina,Halcyon,-1.8078773021697998,-0.18287736177444458,B,Halcyon
neutral,0,friend_cloud|Halcyon-vs-Solent,friend_cloud,Halcyon,Solent,-0.0028015433344990015,-6.002801418304443,A,Halcyon
neutral,0,friend_cloud|Solent-vs-Halcyon,friend_cloud,Solent,Halcyon,-0.6938434839248657,-0.6938434839248657,A,Solent
neutral,0,friend_cloud|Halcyon-vs-Marrow,friend_cloud,Halcyon,Marrow,-0.0013565156841650605,-6.751356601715088,A,Halcyon
neutral,0,friend_cloud|Marrow-vs-Halcyon,friend_cloud,Marrow,Halcyon,-2.350348711013794,-0.1003488153219223,B,Halcyon
neutral,0,friend_cloud|Halcyon-vs-Kestrel,friend_cloud,Halcyon,Kestrel,-0.007095732726156712,-5.007095813751221,A,Halcyon
neutral,0,friend_cloud|Kestrel-vs-Halcyon,friend_cloud,Kestrel,Halcyon,-0.3878258764743805,-1.137825846672058,A,Kestrel
neutral,0,friend_cloud|Halcyon-vs-Brindle,friend_cloud,Halcyon,Brindle,-0.006248106714338064,-5.1312479972839355,A,Halcyon
neutral,0,friend_cloud|Brindle-vs-Halcyon,friend_cloud,Brindle,Halcyon,-1.7017096281051636,-0.20170967280864716,B,Halcyon
neutral,0,friend_cloud|Halcyon-vs-Ocarina,friend_cloud,Halcyon,Ocarina,-0.013301915489137173,-4.388301849365234,A,Halcyon
neutral,0,friend_cloud|Ocarina-vs-Halcyon,friend_cloud,Ocarina,Halcyon,-0.06256554275751114,-2.812565565109253,A,Ocarina
neutral,0,council_vendor|Verdant-vs-Solent,council_vendor,Verdant,Solent,-0.034405194222927094,-3.40940523147583,A,Verdant
neutral,0,council_vendor|Solent-vs-Verdant,council_vendor,Solent,Verdant,-0.07974812388420105,-2.5797481536865234,A,Solent
neutral,0,council_vendor|Verdant-vs-Marrow,council_vendor,Verdant,Marrow,-0.01014977041631937,-4.635149955749512,A,Verdant
neutral,0,council_vendor|Marrow-vs-Verdant,council_vendor,Marrow,Verdant,-0.10053685307502747,-2.350536823272705,A,Marrow
neutral,0,council_vendor|Verdant-vs-Kestrel,council_vendor,Verdant,Kestrel,-0.03041706047952175,-3.530416965484619,A,Verdant
neutral,0,council_vendor|Kestrel-vs-Verdant,council_vendor,Kestrel,Verdant,-0.06257281452417374,-2.812572717666626,A,Kestrel
neutral,0,council_vendor|Verdant-vs-Brindle,council_vendor,Verdant,Brindle,-0.012777483090758324,-4.387777328491211,A,Verdant
neutral,0,council_vendor|Brindle-vs-Verdant,council_vendor,Brindle,Verdant,-0.3872947692871094,-1.1372947692871094,A,Brindle
neutral,0,council_vendor|Verdant-vs-Ocarina,council_vendor,Verdant,Ocarina,-0.07062938809394836,-2.695629358291626,A,Verdant
neutral,0,council_vendor|Ocarina-vs-Verdant,council_vendor,Ocarina,Verdant,-0.010106933303177357,-4.635107040405273,A,Ocarina
neutral,0,school_laptops|Verdant-vs-Solent,school_laptops,Verdant,Solent,-0.08210385590791702,-2.582103967666626,A,Verdant
neutral,0,school_laptops|Solent-vs-Verdant,school_laptops,Solent,Verdant,-0.6988024115562439,-0.6988024115562439,A,Solent
neutral,0,school_laptops|Verdant-vs-Marrow,school_laptops,Verdant,Marrow,-0.015829380601644516,-4.265829563140869,A,Verdant
neutral,0,school_laptops|Marrow-vs-Verdant,school_laptops,Marrow,Verdant,-0.5273733139038086,-0.9023733139038086,A,Marrow
neutral,0,school_laptops|Verdant-vs-Kestrel,school_laptops,Verdant,Kestrel,-0.02448008395731449,-3.774480104446411,A,Verdant
neutral,0,school_laptops|Kestrel-vs-Verdant,school_laptops,Kestrel,Verdant,-0.08005033433437347,-2.580050230026245,A,Kestrel
neutral,0,school_laptops|Verdant-vs-Brindle,school_laptops,Verdant,Brindle,-0.052533429116010666,-3.0525333881378174,A,Verdant
neutral,0,school_laptops|Brindle-vs-Verdant,school_laptops,Brindle,Verdant,-1.4077810049057007,-0.2827809751033783,B,Verdant
neutral,0,school_laptops|Verdant-vs-Ocarina,school_laptops,Verdant,Ocarina,-0.0660712867975235,-2.8160712718963623,A,Verdant
neutral,0,school_laptops|Ocarina-vs-Verdant,school_laptops,Ocarina,Verdant,-0.480415016412735,-0.9804149866104126,A,Ocarina
neutral,0,friend_cloud|Verdant-vs-Solent,friend_cloud,Verdant,Solent,-0.003150026546791196,-6.00314998626709,A,Verdant
neutral,0,friend_cloud|Solent-vs-Verdant,friend_cloud,Solent,Verdant,-0.3142234683036804,-1.3142235279083252,A,Solent
neutral,0,friend_cloud|Verdant-vs-Marrow,friend_cloud,Verdant,Marrow,-0.001986317802220583,-7.126986503601074,A,Verdant
neutral,0,friend_cloud|Marrow-vs-Verdant,friend_cloud,Marrow,Verdant,-0.25289177894592285,-1.5028917789459229,A,Marrow
neutral,0,friend_cloud|Verdant-vs-Kestrel,friend_cloud,Verdant,Kestrel,-0.015306389890611172,-4.39030647277832,A,Verdant
neutral,0,friend_cloud|Kestrel-vs-Verdant,friend_cloud,Kestrel,Verdant,-0.20259933173656464,-1.702599287033081,A,Kestrel
neutral,0,friend_cloud|Verdant-vs-Brindle,friend_cloud,Verdant,Brindle,-0.008547507226467133,-5.133547306060791,A,Verdant
neutral,0,friend_cloud|Brindle-vs-Verdant,friend_cloud,Brindle,Verdant,-1.503731369972229,-0.2537313401699066,B,Verdant
neutral,0,friend_cloud|Verdant-vs-Ocarina,friend_cloud,Verdant,Ocarina,-0.025794057175517082,-3.77579402923584,A,Verdant
neutral,0,friend_cloud|Ocarina-vs-Verdant,friend_cloud,Ocarina,Verdant,-0.009956341236829758,-4.634956359863281,A,Ocarina
neutral,0,council_vendor|Calder-vs-Solent,council_vendor,Calder,Solent,-0.09072554111480713,-2.4657254219055176,A,Calder
neutral,0,council_vendor|Solent-vs-Calder,council_vendor,Solent,Calder,-0.027901897206902504,-3.6529018878936768,A,Solent
neutral,0,council_vendor|Calder-vs-Marrow,council_vendor,Calder,Marrow,-0.021744417026638985,-3.8967444896698,A,Calder
neutral,0,council_vendor|Marrow-vs-Calder,council_vendor,Marrow,Calder,-0.04947369173169136,-3.049473762512207,A,Marrow
neutral,0,council_vendor|Calder-vs-Kestrel,council_vendor,Calder,Kestrel,-0.057276900857686996,-2.932276964187622,A,Calder
neutral,0,council_vendor|Kestrel-vs-Calder,council_vendor,Kestrel,Calder,-0.016802804544568062,-4.141802787780762,A,Kestrel
neutral,0,council_vendor|Calder-vs-Brindle,council_vendor,Calder,Brindle,-0.044165246188640594,-3.1691651344299316,A,Calder
neutral,0,council_vendor|Brindle-vs-Calder,council_vendor,Brindle,Calder,-0.12802080810070038,-2.128020763397217,A,Brindle
neutral,0,council_vendor|Calder-vs-Ocarina,council_vendor,Calder,Ocarina,-0.2833317816257477,-1.4083317518234253,A,Calder
neutral,0,council_vendor|Ocarina-vs-Calder,council_vendor,Ocarina,Calder,-0.007590381894260645,-5.007590293884277,A,Ocarina
neutral,0,school_laptops|Calder-vs-Solent,school_laptops,Calder,Solent,-0.12891873717308044,-2.5039186477661133,A,Calder
neutral,0,school_laptops|Solent-vs-Calder,school_laptops,Solent,Calder,-0.6160894632339478,-0.8660894632339478,A,Solent
neutral,0,school_laptops|Calder-vs-Marrow,school_laptops,Calder,Marrow,-0.03104015439748764,-4.031040191650391,A,Calder
neutral,0,school_laptops|Marrow-vs-Calder,school_laptops,Marrow,Calder,-0.9306548833847046,-0.5556548833847046,B,Calder
neutral,0,school_laptops|Calder-vs-Kestrel,school_laptops,Calder,Kestrel,-0.13638457655906677,-2.3863844871520996,A,Calder
neutral,0,school_laptops|Kestrel-vs-Calder,school_laptops,Kestrel,Calder,-0.1616523414850235,-2.0366523265838623,A,Kestrel
neutral,0,school_laptops|Calder-vs-Brindle,school_laptops,Calder,Brindle,-0.14279498159885406,-2.2677950859069824,A,Calder
neutral,0,school_laptops|Brindle-vs-Calder,school_laptops,Brindle,Calder,-1.8256527185440063,-0.20065273344516754,B,Calder
neutral,0,school_laptops|Calder-vs-Ocarina,school_laptops,Calder,Ocarina,-0.1374092847108841,-2.387409210205078,A,Calder
neutral,0,school_laptops|Ocarina-vs-Calder,school_laptops,Ocarina,Calder,-0.6691043972969055,-0.7941043972969055,A,Ocarina
neutral,0,friend_cloud|Calder-vs-Solent,friend_cloud,Calder,Solent,-0.01699327491223812,-5.891993045806885,A,Calder
neutral,0,friend_cloud|Solent-vs-Calder,friend_cloud,Solent,Calder,-0.12460003048181534,-2.3745999336242676,A,Solent
neutral,0,friend_cloud|Calder-vs-Marrow,friend_cloud,Calder,Marrow,-0.014030157588422298,-6.5140299797058105,A,Calder
neutral,0,friend_cloud|Marrow-vs-Calder,friend_cloud,Marrow,Calder,-0.07413912564516068,-3.07413911819458,A,Marrow
neutral,0,friend_cloud|Calder-vs-Kestrel,friend_cloud,Calder,Kestrel,-0.027199236676096916,-5.0271992683410645,A,Calder
neutral,0,friend_cloud|Kestrel-vs-Calder,friend_cloud,Kestrel,Calder,-0.03672574833035469,-3.9117257595062256,A,Kestrel
neutral,0,friend_cloud|Calder-vs-Brindle,friend_cloud,Calder,Brindle,-0.04448980465531349,-4.544489860534668,A,Calder
neutral,0,friend_cloud|Brindle-vs-Calder,friend_cloud,Brindle,Calder,-0.09596574306488037,-2.59596586227417,A,Brindle
neutral,0,friend_cloud|Calder-vs-Ocarina,friend_cloud,Calder,Ocarina,-0.05125550553202629,-4.051255702972412,A,Calder
neutral,0,friend_cloud|Ocarina-vs-Calder,friend_cloud,Ocarina,Calder,-0.03151640295982361,-4.5315165519714355,A,Ocarina
neutral,0,council_vendor|Meridian-vs-Solent,council_vendor,Meridian,Solent,-0.026947809383273125,-3.6519477367401123,A,Meridian
neutral,0,council_vendor|Solent-vs-Meridian,council_vendor,Solent,Meridian,-0.03049846552312374,-3.530498504638672,A,Solent
neutral,0,council_vendor|Meridian-vs-Marrow,council_vendor,Meridian,Marrow,-0.004833679646253586,-5.379833698272705,A,Meridian
neutral,0,council_vendor|Marrow-vs-Meridian,council_vendor,Marrow,Meridian,-0.47439688444137573,-0.9743968844413757,A,Marrow
neutral,0,council_vendor|Meridian-vs-Kestrel,council_vendor,Meridian,Kestrel,-0.02133922651410103,-3.896339178085327,A,Meridian
neutral,0,council_vendor|Kestrel-vs-Meridian,council_vendor,Kestrel,Meridian,-0.11375647783279419,-2.2387564182281494,A,Kestrel
neutral,0,council_vendor|Meridian-vs-Brindle,council_vendor,Meridian,Brindle,-0.008854057639837265,-4.758853912353516,A,Meridian
neutral,0,council_vendor|Brindle-vs-Meridian,council_vendor,Brindle,Meridian,-0.2523688077926636,-1.5023688077926636,A,Brindle
neutral,0,council_vendor|Meridian-vs-Ocarina,council_vendor,Meridian,Ocarina,-0.14359506964683533,-2.018594980239868,A,Meridian
neutral,0,council_vendor|Ocarina-vs-Meridian,council_vendor,Ocarina,Meridian,-0.020885657519102097,-3.895885705947876,A,Ocarina
neutral,0,school_laptops|Meridian-vs-Solent,school_laptops,Meridian,Solent,-0.024501953274011612,-3.7745020389556885,A,Meridian
neutral,0,school_laptops|Solent-vs-Meridian,school_laptops,Solent,Meridian,-0.22865676879882812,-1.6036567687988281,A,Solent
neutral,0,school_laptops|Meridian-vs-Marrow,school_laptops,Meridian,Marrow,-0.005039963871240616,-5.380040168762207,A,Meridian
neutral,0,school_laptops|Marrow-vs-Meridian,school_laptops,Marrow,Meridian,-0.760962724685669,-0.635962724685669,B,Meridian
neutral,0,school_laptops|Meridian-vs-Kestrel,school_laptops,Meridian,Kestrel,-0.013352379202842712,-4.388352394104004,A,Meridian
neutral,0,school_laptops|Kestrel-vs-Meridian,school_laptops,Kestrel,Meridian,-0.09086444973945618,-2.465864419937134,A,Kestrel
neutral,0,school_laptops|Meridian-vs-Brindle,school_laptops,Meridian,Brindle,-0.06675630807876587,-2.816756248474121,A,Meridian
neutral,0,school_laptops|Brindle-vs-Meridian,school_laptops,Brindle,Meridian,-0.978711724281311,-0.47871172428131104,B,Meridian
neutral,0,school_laptops|Meridian-vs-Ocarina,school_laptops,Meridian,Ocarina,-0.10293827950954437,-2.352938175201416,A,Meridian
neutral,0,school_laptops|Ocarina-vs-Meridian,school_laptops,Ocarina,Meridian,-0.3906874358654022,-1.1406874656677246,A,Ocarina
neutral,0,friend_cloud|Meridian-vs-Solent,friend_cloud,Meridian,Solent,-0.0028305486775934696,-6.002830505371094,A,Meridian
neutral,0,friend_cloud|Solent-vs-Meridian,friend_cloud,Solent,Meridian,-0.03442155197262764,-3.409421443939209,A,Solent
neutral,0,friend_cloud|Meridian-vs-Marrow,friend_cloud,Meridian,Marrow,-0.0009554826538078487,-7.125955581665039,A,Meridian
neutral,0,friend_cloud|Marrow-vs-Meridian,friend_cloud,Marrow,Meridian,-0.20362688601016998,-1.7036268711090088,A,Marrow
neutral,0,friend_cloud|Meridian-vs-Kestrel,friend_cloud,Meridian,Kestrel,-0.01681077666580677,-4.141810894012451,A,Meridian
neutral,0,friend_cloud|Kestrel-vs-Meridian,friend_cloud,Kestrel,Meridian,-0.013237450271844864,-4.388237476348877,A,Kestrel
neutral,0,friend_cloud|Meridian-vs-Brindle,friend_cloud,Meridian,Brindle,-0.011680545285344124,-4.511680603027344,A,Meridian
neutral,0,friend_cloud|Brindle-vs-Meridian,friend_cloud,Brindle,Meridian,-0.10106711834669113,-2.351067066192627,A,Brindle
neutral,0,friend_cloud|Meridian-vs-Ocarina,friend_cloud,Meridian,Ocarina,-0.035024773329496384,-3.410024881362915,A,Meridian
neutral,0,friend_cloud|Ocarina-vs-Meridian,friend_cloud,Ocarina,Meridian,-0.01191310491412878,-4.511913299560547,A,Ocarina
neutral,0,council_vendor|Torvus-vs-Solent,council_vendor,Torvus,Solent,-0.008585210889577866,-4.883584976196289,A,Torvus
neutral,0,council_vendor|Solent-vs-Torvus,council_vendor,Solent,Torvus,-0.20305335521697998,-1.70305335521698,A,Solent
neutral,0,council_vendor|Torvus-vs-Marrow,council_vendor,Torvus,Marrow,-0.0033246977254748344,-5.878324508666992,A,Torvus
neutral,0,council_vendor|Marrow-vs-Torvus,council_vendor,Marrow,Torvus,-0.11353621631860733,-2.2385361194610596,A,Marrow
neutral,0,council_vendor|Torvus-vs-Kestrel,council_vendor,Torvus,Kestrel,-0.015653710812330246,-4.265653610229492,A,Torvus
neutral,0,council_vendor|Kestrel-vs-Torvus,council_vendor,Kestrel,Torvus,-0.07983540743589401,-2.5798354148864746,A,Kestrel
neutral,0,council_vendor|Torvus-vs-Brindle,council_vendor,Torvus,Brindle,-0.0036109976936131716,-5.753611087799072,A,Torvus
neutral,0,council_vendor|Brindle-vs-Torvus,council_vendor,Brindle,Torvus,-0.25349703431129456,-1.5034970045089722,A,Brindle
neutral,0,council_vendor|Torvus-vs-Ocarina,council_vendor,Torvus,Ocarina,-0.06377553194761276,-2.8137755393981934,A,Torvus
neutral,0,council_vendor|Ocarina-vs-Torvus,council_vendor,Ocarina,Torvus,-0.01658380776643753,-4.1415839195251465,A,Ocarina
neutral,0,school_laptops|Torvus-vs-Solent,school_laptops,Torvus,Solent,-0.1366942673921585,-2.1366941928863525,A,Torvus
neutral,0,school_laptops|Solent-vs-Torvus,school_laptops,Solent,Torvus,-0.4339384436607361,-1.0589385032653809,A,Solent
neutral,0,school_laptops|Torvus-vs-Marrow,school_laptops,Torvus,Marrow,-0.023640435189008713,-3.8986403942108154,A,Torvus
neutral,0,school_laptops|Marrow-vs-Torvus,school_laptops,Marrow,Torvus,-0.230801060795784,-1.6058011054992676,A,Marrow
neutral,0,school_laptops|Torvus-vs-Kestrel,school_laptops,Torvus,Kestrel,-0.07457073032855988,-2.699570655822754,A,Torvus
neutral,0,school_laptops|Kestrel-vs-Torvus,school_laptops,Kestrel,Torvus,-0.06439103931188583,-2.8143911361694336,A,Kestrel
neutral,0,school_laptops|Torvus-vs-Brindle,school_laptops,Torvus,Brindle,-0.11424171179533005,-2.364241600036621,A,Torvus
neutral,0,school_laptops|Brindle-vs-Torvus,school_laptops,Brindle,Torvus,-0.641048789024353,-0.766048789024353,A,Brindle
neutral,0,school_laptops|Torvus-vs-Ocarina,school_laptops,Torvus,Ocarina,-0.23430585861206055,-1.6093058586120605,A,Torvus
neutral,0,school_laptops|Ocarina-vs-Torvus,school_laptops,Ocarina,Torvus,-0.3172837495803833,-1.3172837495803833,A,Ocarina
neutral,0,friend_cloud|Torvus-vs-Solent,friend_cloud,Torvus,Solent,-0.013170979917049408,-4.388171195983887,A,Torvus
neutral,0,friend_cloud|Solent-vs-Torvus,friend_cloud,Solent,Torvus,-0.31366080045700073,-1.3136608600616455,A,Solent
neutral,0,friend_cloud|Torvus-vs-Marrow,friend_cloud,Torvus,Marrow,-0.004178246948868036,-5.629178047180176,A,Torvus
neutral,0,friend_cloud|Marrow-vs-Torvus,friend_cloud,Marrow,Torvus,-0.12731710076332092,-2.127317190170288,A,Marrow
neutral,0,friend_cloud|Torvus-vs-Kestrel,friend_cloud,Torvus,Kestrel,-0.022335167974233627,-3.8973350524902344,A,Torvus
neutral,0,friend_cloud|Kestrel-vs-Torvus,friend_cloud,Kestrel,Torvus,-0.05537767708301544,-2.930377721786499,A,Kestrel
neutral,0,friend_cloud|Torvus-vs-Brindle,friend_cloud,Torvus,Brindle,-0.021786876022815704,-3.89678692817688,A,Torvus
neutral,0,friend_cloud|Brindle-vs-Torvus,friend_cloud,Brindle,Torvus,-0.20206552743911743,-1.7020654678344727,A,Brindle
neutral,0,friend_cloud|Torvus-vs-Ocarina,friend_cloud,Torvus,Ocarina,-0.0637824609875679,-2.8137824535369873,A,Torvus
neutral,0,friend_cloud|Ocarina-vs-Torvus,friend_cloud,Ocarina,Torvus,-0.02078910544514656,-3.89578914642334,A,Ocarina
neutral,0,council_vendor|Lumen-vs-Solent,council_vendor,Lumen,Solent,-0.048931341618299484,-3.048931360244751,A,Lumen
neutral,0,council_vendor|Solent-vs-Lumen,council_vendor,Solent,Lumen,-0.0556778721511364,-2.930677890777588,A,Solent
neutral,0,council_vendor|Lumen-vs-Marrow,council_vendor,Lumen,Marrow,-0.01625850796699524,-4.141258716583252,A,Lumen
neutral,0,council_vendor|Marrow-vs-Lumen,council_vendor,Marrow,Lumen,-0.5765820145606995,-0.8265820145606995,A,Marrow
neutral,0,council_vendor|Lumen-vs-Kestrel,council_vendor,Lumen,Kestrel,-0.04932006075978279,-3.0493199825286865,A,Lumen
neutral,0,council_vendor|Kestrel-vs-Lumen,council_vendor,Kestrel,Lumen,-0.07080243527889252,-2.6958024501800537,A,Kestrel
neutral,0,council_vendor|Lumen-vs-Brindle,council_vendor,Lumen,Brindle,-0.03387800231575966,-3.4088780879974365,A,Lumen
neutral,0,council_vendor|Brindle-vs-Lumen,council_vendor,Brindle,Lumen,-0.5765562057495117,-0.8265562057495117,A,Brindle
neutral,0,council_vendor|Lumen-vs-Ocarina,council_vendor,Lumen,Ocarina,-0.38758453726768494,-1.1375845670700073,A,Lumen
neutral,0,council_vendor|Ocarina-vs-Lumen,council_vendor,Ocarina,Lumen,-0.0060830689035356045,-5.131083011627197,A,Ocarina
neutral,0,school_laptops|Lumen-vs-Solent,school_laptops,Lumen,Solent,-0.013977729715406895,-4.388977527618408,A,Lumen
neutral,0,school_laptops|Solent-vs-Lumen,school_laptops,Solent,Lumen,-0.8293642401695251,-0.5793642401695251,B,Lumen
neutral,0,school_laptops|Lumen-vs-Marrow,school_laptops,Lumen,Marrow,-0.003470352618023753,-5.753470420837402,A,Lumen
neutral,0,school_laptops|Marrow-vs-Lumen,school_laptops,Marrow,Lumen,-0.9017993211746216,-0.5267993211746216,B,Lumen
neutral,0,school_laptops|Lumen-vs-Kestrel,school_laptops,Lumen,Kestrel,-0.0065623498521745205,-5.131562232971191,A,Lumen
neutral,0,school_laptops|Kestrel-vs-Lumen,school_laptops,Kestrel,Lumen,-0.2535270154476166,-1.503527045249939,A,Kestrel
neutral,0,school_laptops|Lumen-vs-Brindle,school_laptops,Lumen,Brindle,-0.02553623542189598,-3.775536298751831,A,Lumen
neutral,0,school_laptops|Brindle-vs-Lumen,school_laptops,Brindle,Lumen,-1.7030584812164307,-0.20305851101875305,B,Lumen
neutral,0,school_laptops|Lumen-vs-Ocarina,school_laptops,Lumen,Ocarina,-0.02841649018228054,-3.653416395187378,A,Lumen
neutral,0,school_laptops|Ocarina-vs-Lumen,school_laptops,Ocarina,Lumen,-0.6966435313224792,-0.6966435313224792,A,Ocarina
neutral,0,friend_cloud|Lumen-vs-Solent,friend_cloud,Lumen,Solent,-0.0006432848167605698,-7.500643253326416,A,Lumen
neutral,0,friend_cloud|Solent-vs-Lumen,friend_cloud,Solent,Lumen,-0.5767934918403625,-0.8267934918403625,A,Solent
neutral,0,friend_cloud|Lumen-vs-Marrow,friend_cloud,Lumen,Marrow,-0.0003094194398727268,-8.250308990478516,A,Lumen
neutral,0,friend_cloud|Marrow-vs-Lumen,friend_cloud,Marrow,Lumen,-1.1375306844711304,-0.387530654668808,B,Lumen
neutral,0,friend_cloud|Lumen-vs-Kestrel,friend_cloud,Lumen,Kestrel,-0.0035475671757012606,-5.753547668457031,A,Lumen
neutral,0,friend_cloud|Kestrel-vs-Lumen,friend_cloud,Kestrel,Lumen,-0.3886050581932068,-1.1386051177978516,A,Kestrel
neutral,0,friend_cloud|Lumen-vs-Brindle,friend_cloud,Lumen,Brindle,-0.0039377068169415,-5.628937721252441,A,Lumen
neutral,0,friend_cloud|Brindle-vs-Lumen,friend_cloud,Brindle,Lumen,-1.13735032081604,-0.38735029101371765,B,Lumen
neutral,0,friend_cloud|Lumen-vs-Ocarina,friend_cloud,Lumen,Ocarina,-0.007914611138403416,-4.8829145431518555,A,Lumen
neutral,0,friend_cloud|Ocarina-vs-Lumen,friend_cloud,Ocarina,Lumen,-0.03889543563127518,-3.28889536857605,A,Ocarina
neutral,0,council_vendor|Askari-vs-Solent,council_vendor,Askari,Solent,-0.011238014325499535,-4.511238098144531,A,Askari
neutral,0,council_vendor|Solent-vs-Askari,council_vendor,Solent,Askari,-0.02689199335873127,-3.6518919467926025,A,Solent
neutral,0,council_vendor|Askari-vs-Marrow,council_vendor,Askari,Marrow,-0.004777682479470968,-5.379777908325195,A,Askari
neutral,0,council_vendor|Marrow-vs-Askari,council_vendor,Marrow,Askari,-0.07014063000679016,-2.6951406002044678,A,Marrow
neutral,0,council_vendor|Askari-vs-Kestrel,council_vendor,Askari,Kestrel,-0.01840583235025406,-4.018405914306641,A,Askari
neutral,0,council_vendor|Kestrel-vs-Askari,council_vendor,Kestrel,Askari,-0.018514670431613922,-4.018514633178711,A,Kestrel
neutral,0,council_vendor|Askari-vs-Brindle,council_vendor,Askari,Brindle,-0.01272769644856453,-4.387727737426758,A,Askari
neutral,0,council_vendor|Brindle-vs-Askari,council_vendor,Brindle,Askari,-0.11320745199918747,-2.2382073402404785,A,Brindle
neutral,0,council_vendor|Askari-vs-Ocarina,council_vendor,Askari,Ocarina,-0.07933350652456284,-2.579333543777466,A,Askari
neutral,0,council_vendor|Ocarina-vs-Askari,council_vendor,Ocarina,Askari,-0.0037212190218269825,-5.628721237182617,A,Ocarina
neutral,0,school_laptops|Askari-vs-Solent,school_laptops,Askari,Solent,-0.05125505104660988,-3.051254987716675,A,Askari
neutral,0,school_laptops|Solent-vs-Askari,school_laptops,Solent,Askari,-0.08322255313396454,-2.5832226276397705,A,Solent
neutral,0,school_laptops|Askari-vs-Marrow,school_laptops,Askari,Marrow,-0.030931053683161736,-3.530930995941162,A,Askari
neutral,0,school_laptops|Marrow-vs-Askari,school_laptops,Marrow,Askari,-0.20792266726493835,-1.7079226970672607,A,Marrow
neutral,0,school_laptops|Askari-vs-Kestrel,school_laptops,Askari,Kestrel,-0.06399751454591751,-2.813997507095337,A,Askari
neutral,0,school_laptops|Kestrel-vs-Askari,school_laptops,Kestrel,Askari,-0.02990916557610035,-3.654909133911133,A,Kestrel
neutral,0,school_laptops|Askari-vs-Brindle,school_laptops,Askari,Brindle,-0.16547206044197083,-1.9154720306396484,A,Askari
neutral,0,school_laptops|Brindle-vs-Askari,school_laptops,Brindle,Askari,-0.5817500352859497,-0.8317500352859497,A,Brindle
neutral,0,school_laptops|Askari-vs-Ocarina,school_laptops,Askari,Ocarina,-0.20596528053283691,-1.705965280532837,A,Askari
neutral,0,school_laptops|Ocarina-vs-Askari,school_laptops,Ocarina,Askari,-0.3973166346549988,-1.1473166942596436,A,Ocarina
neutral,0,friend_cloud|Askari-vs-Solent,friend_cloud,Askari,Solent,-0.008051675744354725,-4.883051872253418,A,Askari
neutral,0,friend_cloud|Solent-vs-Askari,friend_cloud,Solent,Askari,-0.004341818857938051,-5.5043416023254395,A,Solent
neutral,0,friend_cloud|Askari-vs-Marrow,friend_cloud,Askari,Marrow,-0.005673377774655819,-5.255673408508301,A,Askari
neutral,0,friend_cloud|Marrow-vs-Askari,friend_cloud,Marrow,Askari,-0.004329830873757601,-5.504329681396484,A,Marrow
neutral,0,friend_cloud|Askari-vs-Kestrel,friend_cloud,Askari,Kestrel,-0.04362982511520386,-3.1686298847198486,A,Askari
neutral,0,friend_cloud|Kestrel-vs-Askari,friend_cloud,Kestrel,Askari,-0.0014367506373673677,-6.626436710357666,A,Kestrel
neutral,0,friend_cloud|Askari-vs-Brindle,friend_cloud,Askari,Brindle,-0.030548647046089172,-3.530548572540283,A,Askari
neutral,0,friend_cloud|Brindle-vs-Askari,friend_cloud,Brindle,Askari,-0.014586360193789005,-4.264586448669434,A,Brindle
neutral,0,friend_cloud|Askari-vs-Ocarina,friend_cloud,Askari,Ocarina,-0.08977421373128891,-2.4647741317749023,A,Askari
neutral,0,friend_cloud|Ocarina-vs-Askari,friend_cloud,Ocarina,Askari,-0.0007018963224254549,-7.375701904296875,A,Ocarina
neutral,0,council_vendor|Pelagic-vs-Solent,council_vendor,Pelagic,Solent,-0.0396115817129612,-3.289611577987671,A,Pelagic
neutral,0,council_vendor|Solent-vs-Pelagic,council_vendor,Solent,Pelagic,-0.016880754381418228,-4.141880989074707,A,Solent
neutral,0,council_vendor|Pelagic-vs-Marrow,council_vendor,Pelagic,Marrow,-0.01882917620241642,-4.018829345703125,A,Pelagic
neutral,0,council_vendor|Marrow-vs-Pelagic,council_vendor,Marrow,Pelagic,-0.03841385245323181,-3.2884137630462646,A,Marrow
neutral,0,council_vendor|Pelagic-vs-Kestrel,council_vendor,Pelagic,Kestrel,-0.04990869760513306,-3.0499086380004883,A,Pelagic
neutral,0,council_vendor|Kestrel-vs-Pelagic,council_vendor,Kestrel,Pelagic,-0.01892545074224472,-4.018925666809082,A,Kestrel
neutral,0,council_vendor|Pelagic-vs-Brindle,council_vendor,Pelagic,Brindle,-0.03428390622138977,-3.4092838764190674,A,Pelagic
neutral,0,council_vendor|Brindle-vs-Pelagic,council_vendor,Brindle,Pelagic,-0.04908208176493645,-3.049082040786743,A,Brindle
neutral,0,council_vendor|Pelagic-vs-Ocarina,council_vendor,Pelagic,Ocarina,-0.31498754024505615,-1.3149875402450562,A,Pelagic
neutral,0,council_vendor|Ocarina-vs-Pelagic,council_vendor,Ocarina,Pelagic,-0.007137515116482973,-5.007137298583984,A,Ocarina
neutral,0,school_laptops|Pelagic-vs-Solent,school_laptops,Pelagic,Solent,-0.06087523698806763,-2.935875177383423,A,Pelagic
neutral,0,school_laptops|Solent-vs-Pelagic,school_laptops,Solent,Pelagic,-0.1489710658788681,-2.0239710807800293,A,Solent
neutral,0,school_laptops|Pelagic-vs-Marrow,school_laptops,Pelagic,Marrow,-0.018376924097537994,-4.14337682723999,A,Pelagic
neutral,0,school_laptops|Marrow-vs-Pelagic,school_laptops,Marrow,Pelagic,-0.28977784514427185,-1.4147778749465942,A,Marrow
neutral,0,school_laptops|Pelagic-vs-Kestrel,school_laptops,Pelagic,Kestrel,-0.0323859378695488,-3.53238582611084,A,Pelagic
neutral,0,school_laptops|Kestrel-vs-Pelagic,school_laptops,Kestrel,Pelagic,-0.028857160359621048,-3.6538572311401367,A,Kestrel
neutral,0,school_laptops|Pelagic-vs-Brindle,school_laptops,Pelagic,Brindle,-0.13847684860229492,-2.138476848602295,A,Pelagic
neutral,0,school_laptops|Brindle-vs-Pelagic,school_laptops,Brindle,Pelagic,-0.6993672251701355,-0.6993672251701355,A,Brindle
neutral,0,school_laptops|Pelagic-vs-Ocarina,school_laptops,Pelagic,Ocarina,-0.09611129015684128,-2.471111297607422,A,Pelagic
neutral,0,school_laptops|Ocarina-vs-Pelagic,school_laptops,Ocarina,Pelagic,-0.21028418838977814,-1.7102842330932617,A,Ocarina
neutral,0,friend_cloud|Pelagic-vs-Solent,friend_cloud,Pelagic,Solent,-0.0035107426811009645,-5.75351095199585,A,Pelagic
neutral,0,friend_cloud|Solent-vs-Pelagic,friend_cloud,Solent,Pelagic,-0.0799679160118103,-2.579967975616455,A,Solent
neutral,0,friend_cloud|Pelagic-vs-Marrow,friend_cloud,Pelagic,Marrow,-0.0014953156933188438,-6.626495361328125,A,Pelagic
neutral,0,friend_cloud|Marrow-vs-Pelagic,friend_cloud,Marrow,Pelagic,-0.0388295017182827,-3.2888295650482178,A,Marrow
neutral,0,friend_cloud|Pelagic-vs-Kestrel,friend_cloud,Pelagic,Kestrel,-0.010430937632918358,-4.635430812835693,A,Pelagic
neutral,0,friend_cloud|Kestrel-vs-Pelagic,friend_cloud,Kestrel,Pelagic,-0.0057276650331914425,-5.255727767944336,A,Kestrel
neutral,0,friend_cloud|Pelagic-vs-Brindle,friend_cloud,Pelagic,Brindle,-0.00923327449709177,-4.759233474731445,A,Pelagic
neutral,0,friend_cloud|Brindle-vs-Pelagic,friend_cloud,Brindle,Pelagic,-0.08978358656167984,-2.4647836685180664,A,Brindle
neutral,0,friend_cloud|Pelagic-vs-Ocarina,friend_cloud,Pelagic,Ocarina,-0.038951847702264786,-3.288951873779297,A,Pelagic
neutral,0,friend_cloud|Ocarina-vs-Pelagic,friend_cloud,Ocarina,Pelagic,-0.007190657779574394,-5.007190704345703,A,Ocarina
neutral,0,council_vendor|Corvid-vs-Solent,council_vendor,Corvid,Solent,-0.12935929000377655,-2.129359245300293,A,Corvid
neutral,0,council_vendor|Solent-vs-Corvid,council_vendor,Solent,Corvid,-0.024543246254324913,-3.774543285369873,A,Solent
neutral,0,council_vendor|Corvid-vs-Marrow,council_vendor,Corvid,Marrow,-0.02832309529185295,-3.653323173522949,A,Corvid
neutral,0,council_vendor|Marrow-vs-Corvid,council_vendor,Marrow,Corvid,-0.06283055990934372,-2.8128304481506348,A,Marrow
neutral,0,council_vendor|Corvid-vs-Kestrel,council_vendor,Corvid,Kestrel,-0.0576183907687664,-2.9326183795928955,A,Corvid
neutral,0,council_vendor|Kestrel-vs-Corvid,council_vendor,Kestrel,Corvid,-0.008385567925870419,-4.88338565826416,A,Kestrel
neutral,0,council_vendor|Corvid-vs-Brindle,council_vendor,Corvid,Brindle,-0.0312399473041296,-3.5312399864196777,A,Corvid
neutral,0,council_vendor|Brindle-vs-Corvid,council_vendor,Brindle,Corvid,-0.09005194902420044,-2.4650518894195557,A,Brindle
neutral,0,council_vendor|Corvid-vs-Ocarina,council_vendor,Corvid,Ocarina,-0.38988256454467773,-1.1398825645446777,A,Corvid
neutral,0,council_vendor|Ocarina-vs-Corvid,council_vendor,Ocarina,Corvid,-0.006365263368934393,-5.1313652992248535,A,Ocarina
neutral,0,school_laptops|Corvid-vs-Solent,school_laptops,Corvid,Solent,-0.21430063247680664,-1.7143006324768066,A,Corvid
neutral,0,school_laptops|Solent-vs-Corvid,school_laptops,Solent,Corvid,-0.10645312815904617,-2.3564531803131104,A,Solent
neutral,0,school_laptops|Corvid-vs-Marrow,school_laptops,Corvid,Marrow,-0.06478887796401978,-2.939788818359375,A,Corvid
neutral,0,school_laptops|Marrow-vs-Corvid,school_laptops,Marrow,Corvid,-0.2112707644701004,-1.711270809173584,A,Marrow
neutral,0,school_laptops|Corvid-vs-Kestrel,school_laptops,Corvid,Kestrel,-0.07681746780872345,-2.826817512512207,A,Corvid
neutral,0,school_laptops|Kestrel-vs-Corvid,school_laptops,Kestrel,Corvid,-0.020728155970573425,-4.02072811126709,A,Kestrel
neutral,0,school_laptops|Corvid-vs-Brindle,school_laptops,Corvid,Brindle,-0.33024701476097107,-1.3302470445632935,A,Corvid
neutral,0,school_laptops|Brindle-vs-Corvid,school_laptops,Brindle,Corvid,-0.6440761089324951,-0.7690761089324951,A,Brindle
neutral,0,school_laptops|Corvid-vs-Ocarina,school_laptops,Corvid,Ocarina,-0.24424447119235992,-1.6192444562911987,A,Corvid
neutral,0,school_laptops|Ocarina-vs-Corvid,school_laptops,Ocarina,Corvid,-0.2886635661125183,-1.413663625717163,A,Ocarina
neutral,0,friend_cloud|Corvid-vs-Solent,friend_cloud,Corvid,Solent,-0.010803778655827045,-4.885803699493408,A,Corvid
neutral,0,friend_cloud|Solent-vs-Corvid,friend_cloud,Solent,Corvid,-0.017022809013724327,-4.142022609710693,A,Solent
neutral,0,friend_cloud|Corvid-vs-Marrow,friend_cloud,Corvid,Marrow,-0.007842464372515678,-5.757842540740967,A,Corvid
neutral,0,friend_cloud|Marrow-vs-Corvid,friend_cloud,Marrow,Corvid,-0.004752055741846561,-5.504752159118652,A,Marrow
neutral,0,friend_cloud|Corvid-vs-Kestrel,friend_cloud,Corvid,Kestrel,-0.037235360592603683,-3.6622352600097656,A,Corvid
neutral,0,friend_cloud|Kestrel-vs-Corvid,friend_cloud,Kestrel,Corvid,-0.002125387080013752,-6.502125263214111,A,Kestrel
neutral,0,friend_cloud|Corvid-vs-Brindle,friend_cloud,Corvid,Brindle,-0.027075445279479027,-4.152075290679932,A,Corvid
neutral,0,friend_cloud|Brindle-vs-Corvid,friend_cloud,Brindle,Corvid,-0.010984782129526138,-4.635984897613525,A,Brindle
neutral,0,friend_cloud|Corvid-vs-Ocarina,friend_cloud,Corvid,Ocarina,-0.05507603660225868,-3.1800761222839355,A,Corvid
neutral,0,friend_cloud|Ocarina-vs-Corvid,friend_cloud,Ocarina,Corvid,-0.0009105826611630619,-7.375910758972168,A,Ocarina
neutral,0,council_vendor|Sable-vs-Solent,council_vendor,Sable,Solent,-0.04941968619823456,-3.049419641494751,A,Sable
neutral,0,council_vendor|Solent-vs-Sable,council_vendor,Solent,Sable,-0.013173803687095642,-4.388173580169678,A,Solent
neutral,0,council_vendor|Sable-vs-Marrow,council_vendor,Sable,Marrow,-0.010322161950170994,-4.635322093963623,A,Sable
neutral,0,council_vendor|Marrow-vs-Sable,council_vendor,Marrow,Sable,-0.04954902455210686,-3.049549102783203,A,Marrow
neutral,0,council_vendor|Sable-vs-Kestrel,council_vendor,Sable,Kestrel,-0.049773167818784714,-3.0497732162475586,A,Sable
neutral,0,council_vendor|Kestrel-vs-Sable,council_vendor,Kestrel,Sable,-0.00932020228356123,-4.759320259094238,A,Kestrel
neutral,0,council_vendor|Sable-vs-Brindle,council_vendor,Sable,Brindle,-0.01438203640282154,-4.2643818855285645,A,Sable
neutral,0,council_vendor|Brindle-vs-Sable,council_vendor,Brindle,Sable,-0.039008140563964844,-3.289008140563965,A,Brindle
neutral,0,council_vendor|Sable-vs-Ocarina,council_vendor,Sable,Ocarina,-0.20248737931251526,-1.7024873495101929,A,Sable
neutral,0,council_vendor|Ocarina-vs-Sable,council_vendor,Ocarina,Sable,-0.00793270580470562,-4.882932662963867,A,Ocarina
neutral,0,school_laptops|Sable-vs-Solent,school_laptops,Sable,Solent,-0.056933268904685974,-2.9319331645965576,A,Sable
neutral,0,school_laptops|Solent-vs-Sable,school_laptops,Solent,Sable,-0.09375233203172684,-2.468752384185791,A,Solent
neutral,0,school_laptops|Sable-vs-Marrow,school_laptops,Sable,Marrow,-0.012059751898050308,-4.512059688568115,A,Sable
neutral,0,school_laptops|Marrow-vs-Sable,school_laptops,Marrow,Sable,-0.8377463817596436,-0.5877463817596436,B,Sable
neutral,0,school_laptops|Sable-vs-Kestrel,school_laptops,Sable,Kestrel,-0.05110078677535057,-3.051100730895996,A,Sable
neutral,0,school_laptops|Kestrel-vs-Sable,school_laptops,Kestrel,Sable,-0.04719223454594612,-3.172192335128784,A,Kestrel
neutral,0,school_laptops|Sable-vs-Brindle,school_laptops,Sable,Brindle,-0.1481858491897583,-2.0231857299804688,A,Sable
neutral,0,school_laptops|Brindle-vs-Sable,school_laptops,Brindle,Sable,-1.7096751928329468,-0.20967520773410797,B,Sable
neutral,0,school_laptops|Sable-vs-Ocarina,school_laptops,Sable,Ocarina,-0.26004549860954285,-1.5100455284118652,A,Sable
neutral,0,school_laptops|Ocarina-vs-Sable,school_laptops,Ocarina,Sable,-0.487443745136261,-0.987443745136261,A,Ocarina
neutral,0,friend_cloud|Sable-vs-Solent,friend_cloud,Sable,Solent,-0.0019377756398171186,-6.3769378662109375,A,Sable
neutral,0,friend_cloud|Solent-vs-Sable,friend_cloud,Solent,Sable,-0.03445978835225105,-3.4094598293304443,A,Solent
neutral,0,friend_cloud|Sable-vs-Marrow,friend_cloud,Sable,Marrow,-0.0015593523858115077,-6.626559257507324,A,Sable
neutral,0,friend_cloud|Marrow-vs-Sable,friend_cloud,Marrow,Sable,-0.07978444546461105,-2.579784393310547,A,Marrow
neutral,0,friend_cloud|Sable-vs-Kestrel,friend_cloud,Sable,Kestrel,-0.010327588766813278,-4.6353278160095215,A,Sable
neutral,0,friend_cloud|Kestrel-vs-Sable,friend_cloud,Kestrel,Sable,-0.03894496709108353,-3.288944959640503,A,Kestrel
neutral,0,friend_cloud|Sable-vs-Brindle,friend_cloud,Sable,Brindle,-0.00966984499245882,-4.759669780731201,A,Sable
neutral,0,friend_cloud|Brindle-vs-Sable,friend_cloud,Brindle,Sable,-0.1278700828552246,-2.1278700828552246,A,Brindle
neutral,0,friend_cloud|Sable-vs-Ocarina,friend_cloud,Sable,Ocarina,-0.01655637100338936,-4.141556262969971,A,Sable
neutral,0,friend_cloud|Ocarina-vs-Sable,friend_cloud,Ocarina,Sable,-0.024269161745905876,-3.7742691040039062,A,Ocarina
neutral,0,council_vendor|Ridgeway-vs-Solent,council_vendor,Ridgeway,Solent,-0.04414893686771393,-3.1691489219665527,A,Ridgeway
neutral,0,council_vendor|Solent-vs-Ridgeway,council_vendor,Solent,Ridgeway,-0.018905799835920334,-4.0189056396484375,A,Solent
neutral,0,council_vendor|Ridgeway-vs-Marrow,council_vendor,Ridgeway,Marrow,-0.014813194051384926,-4.264813423156738,A,Ridgeway
neutral,0,council_vendor|Marrow-vs-Ridgeway,council_vendor,Marrow,Ridgeway,-0.038517553359270096,-3.288517475128174,A,Marrow
neutral,0,council_vendor|Ridgeway-vs-Kestrel,council_vendor,Ridgeway,Kestrel,-0.04970170930027962,-3.049701690673828,A,Ridgeway
neutral,0,council_vendor|Kestrel-vs-Ridgeway,council_vendor,Kestrel,Ridgeway,-0.02405400574207306,-3.7740540504455566,A,Kestrel
neutral,0,council_vendor|Ridgeway-vs-Brindle,council_vendor,Ridgeway,Brindle,-0.014712411910295486,-4.264712333679199,A,Ridgeway
neutral,0,council_vendor|Brindle-vs-Ridgeway,council_vendor,Brindle,Ridgeway,-0.07074190676212311,-2.695741891860962,A,Brindle
neutral,0,council_vendor|Ridgeway-vs-Ocarina,council_vendor,Ridgeway,Ocarina,-0.2825199365615845,-1.4075199365615845,A,Ridgeway
neutral,0,council_vendor|Ocarina-vs-Ridgeway,council_vendor,Ocarina,Ridgeway,-0.011413871310651302,-4.511414051055908,A,Ocarina
neutral,0,school_laptops|Ridgeway-vs-Solent,school_laptops,Ridgeway,Solent,-0.2866080105304718,-1.4116079807281494,A,Ridgeway
neutral,0,school_laptops|Solent-vs-Ridgeway,school_laptops,Solent,Ridgeway,-0.1468212902545929,-2.0218212604522705,A,Solent
neutral,0,school_laptops|Ridgeway-vs-Marrow,school_laptops,Ridgeway,Marrow,-0.11520766466856003,-2.2402076721191406,A,Ridgeway
neutral,0,school_laptops|Marrow-vs-Ridgeway,school_laptops,Marrow,Ridgeway,-0.1851004809141159,-1.8101004362106323,A,Marrow
neutral,0,school_laptops|Ridgeway-vs-Kestrel,school_laptops,Ridgeway,Kestrel,-0.14575600624084473,-2.0207560062408447,A,Ridgeway
neutral,0,school_laptops|Kestrel-vs-Ridgeway,school_laptops,Kestrel,Ridgeway,-0.03935237228870392,-3.2893524169921875,A,Kestrel
neutral,0,school_laptops|Ridgeway-vs-Brindle,school_laptops,Ridgeway,Brindle,-0.23372966051101685,-1.608729600906372,A,Ridgeway
neutral,0,school_laptops|Brindle-vs-Ridgeway,school_laptops,Brindle,Ridgeway,-0.43493467569351196,-1.0599346160888672,A,Brindle
neutral,0,school_laptops|Ridgeway-vs-Ocarina,school_laptops,Ridgeway,Ocarina,-0.4791439175605774,-0.9791439175605774,A,Ridgeway
neutral,0,school_laptops|Ocarina-vs-Ridgeway,school_laptops,Ocarina,Ridgeway,-0.16652019321918488,-1.9165202379226685,A,Ocarina
neutral,0,friend_cloud|Ridgeway-vs-Solent,friend_cloud,Ridgeway,Solent,-0.011181196197867393,-4.636181354522705,A,Ridgeway
neutral,0,friend_cloud|Solent-vs-Ridgeway,friend_cloud,Solent,Ridgeway,-0.020814090967178345,-3.8958141803741455,A,Solent
neutral,0,friend_cloud|Ridgeway-vs-Marrow,friend_cloud,Ridgeway,Marrow,-0.017686977982521057,-4.14268684387207,A,Ridgeway
neutral,0,friend_cloud|Marrow-vs-Ridgeway,friend_cloud,Marrow,Ridgeway,-0.026620524004101753,-3.651620626449585,A,Marrow
neutral,0,friend_cloud|Ridgeway-vs-Kestrel,friend_cloud,Ridgeway,Kestrel,-0.04100722074508667,-3.2910072803497314,A,Ridgeway
neutral,0,friend_cloud|Kestrel-vs-Ridgeway,friend_cloud,Kestrel,Ridgeway,-0.011395132169127464,-4.51139497756958,A,Kestrel
neutral,0,friend_cloud|Ridgeway-vs-Brindle,friend_cloud,Ridgeway,Brindle,-0.05067446082830429,-3.0506744384765625,A,Ridgeway
neutral,0,friend_cloud|Brindle-vs-Ridgeway,friend_cloud,Brindle,Ridgeway,-0.038434963673353195,-3.2884349822998047,A,Brindle
neutral,0,friend_cloud|Ridgeway-vs-Ocarina,friend_cloud,Ridgeway,Ocarina,-0.08135641366243362,-2.5813565254211426,A,Ridgeway
neutral,0,friend_cloud|Ocarina-vs-Ridgeway,friend_cloud,Ocarina,Ridgeway,-0.0025849281810224056,-6.002584934234619,A,Ocarina
neutral,0,council_vendor|Fenmore-vs-Solent,council_vendor,Fenmore,Solent,-0.16140161454677582,-1.911401629447937,A,Fenmore
neutral,0,council_vendor|Solent-vs-Fenmore,council_vendor,Solent,Fenmore,-0.0270877443253994,-3.652087688446045,A,Solent
neutral,0,council_vendor|Fenmore-vs-Marrow,council_vendor,Fenmore,Marrow,-0.027084147557616234,-3.6520841121673584,A,Fenmore
neutral,0,council_vendor|Marrow-vs-Fenmore,council_vendor,Marrow,Fenmore,-0.0489753857254982,-3.0489754676818848,A,Marrow
neutral,0,council_vendor|Fenmore-vs-Kestrel,council_vendor,Fenmore,Kestrel,-0.12842275202274323,-2.128422737121582,A,Fenmore
neutral,0,council_vendor|Kestrel-vs-Fenmore,council_vendor,Kestrel,Fenmore,-0.014921365305781364,-4.264921188354492,A,Kestrel
neutral,0,council_vendor|Fenmore-vs-Brindle,council_vendor,Fenmore,Brindle,-0.03881619870662689,-3.288816213607788,A,Fenmore
neutral,0,council_vendor|Brindle-vs-Fenmore,council_vendor,Brindle,Fenmore,-0.10120783001184464,-2.351207733154297,A,Brindle
neutral,0,council_vendor|Fenmore-vs-Ocarina,council_vendor,Fenmore,Ocarina,-0.5250963568687439,-0.9000963568687439,A,Fenmore
neutral,0,council_vendor|Ocarina-vs-Fenmore,council_vendor,Ocarina,Fenmore,-0.005467935465276241,-5.255467891693115,A,Ocarina
neutral,0,school_laptops|Fenmore-vs-Solent,school_laptops,Fenmore,Solent,-0.2555532157421112,-1.5055532455444336,A,Fenmore
neutral,0,school_laptops|Solent-vs-Fenmore,school_laptops,Solent,Fenmore,-0.14583885669708252,-2.020838737487793,A,Solent
neutral,0,school_laptops|Fenmore-vs-Marrow,school_laptops,Fenmore,Marrow,-0.05003388971090317,-3.0500338077545166,A,Fenmore
neutral,0,school_laptops|Marrow-vs-Fenmore,school_laptops,Marrow,Fenmore,-0.23035898804664612,-1.6053589582443237,A,Marrow
neutral,0,school_laptops|Fenmore-vs-Kestrel,school_laptops,Fenmore,Kestrel,-0.06361546367406845,-2.813615560531616,A,Fenmore
neutral,0,school_laptops|Kestrel-vs-Fenmore,school_laptops,Kestrel,Fenmore,-0.014155339449644089,-4.389155387878418,A,Kestrel
neutral,0,school_laptops|Fenmore-vs-Brindle,school_laptops,Fenmore,Brindle,-0.14569944143295288,-2.0206995010375977,A,Fenmore
neutral,0,school_laptops|Brindle-vs-Fenmore,school_laptops,Brindle,Fenmore,-0.6371185183525085,-0.7621185183525085,A,Brindle
neutral,0,school_laptops|Fenmore-vs-Ocarina,school_laptops,Fenmore,Ocarina,-0.22921372950077057,-1.6042137145996094,A,Fenmore
neutral,0,school_laptops|Ocarina-vs-Fenmore,school_laptops,Ocarina,Fenmore,-0.09425659477710724,-2.469256639480591,A,Ocarina
neutral,0,friend_cloud|Fenmore-vs-Solent,friend_cloud,Fenmore,Solent,-0.00818647537380457,-4.883186340332031,A,Fenmore
neutral,0,friend_cloud|Solent-vs-Fenmore,friend_cloud,Solent,Fenmore,-0.011553522199392319,-4.5115532875061035,A,Solent
neutral,0,friend_cloud|Fenmore-vs-Marrow,friend_cloud,Fenmore,Marrow,-0.006665141321718693,-5.131665229797363,A,Fenmore
neutral,0,friend_cloud|Marrow-vs-Fenmore,friend_cloud,Marrow,Fenmore,-0.008908054791390896,-4.758908271789551,A,Marrow
neutral,0,friend_cloud|Fenmore-vs-Kestrel,friend_cloud,Fenmore,Kestrel,-0.02789575420320034,-3.65289568901062,A,Fenmore
neutral,0,friend_cloud|Kestrel-vs-Fenmore,friend_cloud,Kestrel,Fenmore,-0.00391217740252614,-5.628911972045898,A,Kestrel
neutral,0,friend_cloud|Fenmore-vs-Brindle,friend_cloud,Fenmore,Brindle,-0.051061030477285385,-3.051060914993286,A,Fenmore
neutral,0,friend_cloud|Brindle-vs-Fenmore,friend_cloud,Brindle,Fenmore,-0.030559515580534935,-3.530559539794922,A,Brindle
neutral,0,friend_cloud|Fenmore-vs-Ocarina,friend_cloud,Fenmore,Ocarina,-0.05619088187813759,-2.9311909675598145,A,Fenmore
neutral,0,friend_cloud|Ocarina-vs-Fenmore,friend_cloud,Ocarina,Fenmore,-0.0026805205270648003,-6.00268030166626,A,Ocarina
neutral,0,council_vendor|Ashgrove-vs-Solent,council_vendor,Ashgrove,Solent,-0.010438487865030766,-4.635438442230225,A,Ashgrove
neutral,0,council_vendor|Solent-vs-Ashgrove,council_vendor,Solent,Ashgrove,-0.030596166849136353,-3.5305962562561035,A,Solent
neutral,0,council_vendor|Ashgrove-vs-Marrow,council_vendor,Ashgrove,Marrow,-0.003684044349938631,-5.753684043884277,A,Ashgrove
neutral,0,council_vendor|Marrow-vs-Ashgrove,council_vendor,Marrow,Ashgrove,-0.08943285048007965,-2.464432954788208,A,Marrow
neutral,0,council_vendor|Ashgrove-vs-Kestrel,council_vendor,Ashgrove,Kestrel,-0.016985656693577766,-4.141985893249512,A,Ashgrove
neutral,0,council_vendor|Kestrel-vs-Ashgrove,council_vendor,Kestrel,Ashgrove,-0.03425821661949158,-3.4092581272125244,A,Kestrel
neutral,0,council_vendor|Ashgrove-vs-Brindle,council_vendor,Ashgrove,Brindle,-0.008383321575820446,-4.883383274078369,A,Ashgrove
neutral,0,council_vendor|Brindle-vs-Ashgrove,council_vendor,Brindle,Ashgrove,-0.18074887990951538,-1.8057489395141602,A,Brindle
neutral,0,council_vendor|Ashgrove-vs-Ocarina,council_vendor,Ashgrove,Ocarina,-0.0392317958176136,-3.289231777191162,A,Ashgrove
neutral,0,council_vendor|Ocarina-vs-Ashgrove,council_vendor,Ocarina,Ashgrove,-0.012779483571648598,-4.387779712677002,A,Ocarina
neutral,0,school_laptops|Ashgrove-vs-Solent,school_laptops,Ashgrove,Solent,-0.04400292783975601,-3.1690030097961426,A,Ashgrove
neutral,0,school_laptops|Solent-vs-Ashgrove,school_laptops,Solent,Ashgrove,-0.16254116594791412,-1.912541151046753,A,Solent
neutral,0,school_laptops|Ashgrove-vs-Marrow,school_laptops,Ashgrove,Marrow,-0.00492075365036726,-5.379920959472656,A,Ashgrove
neutral,0,school_laptops|Marrow-vs-Ashgrove,school_laptops,Marrow,Ashgrove,-0.28703683614730835,-1.4120368957519531,A,Marrow
neutral,0,school_laptops|Ashgrove-vs-Kestrel,school_laptops,Ashgrove,Kestrel,-0.01448308676481247,-4.2644829750061035,A,Ashgrove
neutral,0,school_laptops|Kestrel-vs-Ashgrove,school_laptops,Kestrel,Ashgrove,-0.10141024738550186,-2.351410150527954,A,Kestrel
neutral,0,school_laptops|Ashgrove-vs-Brindle,school_laptops,Ashgrove,Brindle,-0.040242258459329605,-3.2902421951293945,A,Ashgrove
neutral,0,school_laptops|Brindle-vs-Ashgrove,school_laptops,Brindle,Ashgrove,-0.6973012089729309,-0.6973012089729309,A,Brindle
neutral,0,school_laptops|Ashgrove-vs-Ocarina,school_laptops,Ashgrove,Ocarina,-0.02446228452026844,-3.7744622230529785,A,Ashgrove
neutral,0,school_laptops|Ocarina-vs-Ashgrove,school_laptops,Ocarina,Ashgrove,-0.2278827428817749,-1.602882742881775,A,Ocarina
neutral,0,friend_cloud|Ashgrove-vs-Solent,friend_cloud,Ashgrove,Solent,-0.004596382845193148,-5.50459623336792,A,Ashgrove
neutral,0,friend_cloud|Solent-vs-Ashgrove,friend_cloud,Solent,Ashgrove,-0.008989221416413784,-4.758989334106445,A,Solent
neutral,0,friend_cloud|Ashgrove-vs-Marrow,friend_cloud,Ashgrove,Marrow,-0.004066769964993,-5.6290669441223145,A,Ashgrove
neutral,0,friend_cloud|Marrow-vs-Ashgrove,friend_cloud,Marrow,Ashgrove,-0.010009806603193283,-4.635009765625,A,Marrow
neutral,0,friend_cloud|Ashgrove-vs-Kestrel,friend_cloud,Ashgrove,Kestrel,-0.01497350912541151,-4.2649736404418945,A,Ashgrove
neutral,0,friend_cloud|Kestrel-vs-Ashgrove,friend_cloud,Kestrel,Ashgrove,-0.0070946672931313515,-5.007094860076904,A,Kestrel
neutral,0,friend_cloud|Ashgrove-vs-Brindle,friend_cloud,Ashgrove,Brindle,-0.02764299511909485,-3.6526429653167725,A,Ashgrove
neutral,0,friend_cloud|Brindle-vs-Ashgrove,friend_cloud,Brindle,Ashgrove,-0.03847992792725563,-3.288480043411255,A,Brindle
neutral,0,friend_cloud|Ashgrove-vs-Ocarina,friend_cloud,Ashgrove,Ocarina,-0.05596986040472984,-2.9309699535369873,A,Ashgrove
neutral,0,friend_cloud|Ocarina-vs-Ashgrove,friend_cloud,Ocarina,Ashgrove,-0.0011759040644392371,-6.876175880432129,A,Ocarina
neutral,0,council_vendor|Bellamy-vs-Solent,council_vendor,Bellamy,Solent,-0.38759806752204895,-1.1375980377197266,A,Bellamy
neutral,0,council_vendor|Solent-vs-Bellamy,council_vendor,Solent,Bellamy,-0.06259790062904358,-2.8125979900360107,A,Solent
neutral,0,council_vendor|Bellamy-vs-Marrow,council_vendor,Bellamy,Marrow,-0.22609595954418182,-1.6010959148406982,A,Bellamy
neutral,0,council_vendor|Marrow-vs-Bellamy,council_vendor,Marrow,Bellamy,-0.1604858934879303,-1.910485863685608,A,Marrow
neutral,0,council_vendor|Bellamy-vs-Kestrel,council_vendor,Bellamy,Kestrel,-0.6940602660179138,-0.6940602660179138,A,Bellamy
neutral,0,council_vendor|Kestrel-vs-Bellamy,council_vendor,Kestrel,Bellamy,-0.07050952315330505,-2.695509433746338,A,Kestrel
neutral,0,council_vendor|Bellamy-vs-Brindle,council_vendor,Bellamy,Brindle,-0.2261834442615509,-1.6011834144592285,A,Bellamy
neutral,0,council_vendor|Brindle-vs-Bellamy,council_vendor,Brindle,Bellamy,-0.3873545825481415,-1.1373546123504639,A,Brindle
neutral,0,council_vendor|Bellamy-vs-Ocarina,council_vendor,Bellamy,Ocarina,-0.9745092988014221,-0.4745092988014221,B,Ocarina
neutral,0,council_vendor|Ocarina-vs-Bellamy,council_vendor,Ocarina,Bellamy,-0.04333135485649109,-3.1683313846588135,A,Ocarina
neutral,0,school_laptops|Bellamy-vs-Solent,school_laptops,Bellamy,Solent,-0.526659369468689,-0.901659369468689,A,Bellamy
neutral,0,school_laptops|Solent-vs-Bellamy,school_laptops,Solent,Bellamy,-0.48373305797576904,-0.983733057975769,A,Solent
neutral,0,school_laptops|Bellamy-vs-Marrow,school_laptops,Bellamy,Marrow,-0.22745895385742188,-1.6024589538574219,A,Bellamy
neutral,0,school_laptops|Marrow-vs-Bellamy,school_laptops,Marrow,Bellamy,-1.0648163557052612,-0.43981632590293884,B,Bellamy
neutral,0,school_laptops|Bellamy-vs-Kestrel,school_laptops,Bellamy,Kestrel,-0.5798494219779968,-0.8298494219779968,A,Bellamy
neutral,0,school_laptops|Kestrel-vs-Bellamy,school_laptops,Kestrel,Bellamy,-0.13166184723377228,-2.131661891937256,A,Kestrel
neutral,0,school_laptops|Bellamy-vs-Brindle,school_laptops,Bellamy,Brindle,-0.9065514802932739,-0.5315514802932739,B,Brindle
neutral,0,school_laptops|Brindle-vs-Bellamy,school_laptops,Brindle,Bellamy,-2.1322031021118164,-0.1322031319141388,B,Bellamy
neutral,0,school_laptops|Bellamy-vs-Ocarina,school_laptops,Bellamy,Ocarina,-0.7629765272140503,-0.6379765272140503,B,Ocarina
neutral,0,school_laptops|Ocarina-vs-Bellamy,school_laptops,Ocarina,Bellamy,-0.6447524428367615,-0.7697524428367615,A,Ocarina
neutral,0,friend_cloud|Bellamy-vs-Solent,friend_cloud,Bellamy,Solent,-0.1132863238453865,-2.238286256790161,A,Bellamy
neutral,0,friend_cloud|Solent-vs-Bellamy,friend_cloud,Solent,Bellamy,-0.06247304007411003,-2.8124730587005615,A,Solent
neutral,0,friend_cloud|Bellamy-vs-Marrow,friend_cloud,Bellamy,Marrow,-0.03007216937839985,-3.5300722122192383,A,Bellamy
neutral,0,friend_cloud|Marrow-vs-Bellamy,friend_cloud,Marrow,Bellamy,-0.03406720608472824,-3.409067153930664,A,Marrow
neutral,0,friend_cloud|Bellamy-vs-Kestrel,friend_cloud,Bellamy,Kestrel,-0.31370827555656433,-1.3137083053588867,A,Bellamy
neutral,0,friend_cloud|Kestrel-vs-Bellamy,friend_cloud,Kestrel,Bellamy,-0.030090907588601112,-3.530090808868408,A,Kestrel
neutral,0,friend_cloud|Bellamy-vs-Brindle,friend_cloud,Bellamy,Brindle,-0.11368359625339508,-2.2386837005615234,A,Bellamy
neutral,0,friend_cloud|Brindle-vs-Bellamy,friend_cloud,Brindle,Bellamy,-0.11327578872442245,-2.2382757663726807,A,Brindle
neutral,0,friend_cloud|Bellamy-vs-Ocarina,friend_cloud,Bellamy,Ocarina,-0.31396642327308655,-1.3139663934707642,A,Bellamy
neutral,0,friend_cloud|Ocarina-vs-Bellamy,friend_cloud,Ocarina,Bellamy,-0.014395784586668015,-4.264395713806152,A,Ocarina
neutral,0,council_vendor|Cindermark-vs-Solent,council_vendor,Cindermark,Solent,-0.6948731541633606,-0.6948731541633606,A,Cindermark
neutral,0,council_vendor|Solent-vs-Cindermark,council_vendor,Solent,Cindermark,-0.006402457132935524,-5.131402492523193,A,Solent
neutral,0,council_vendor|Cindermark-vs-Marrow,council_vendor,Cindermark,Marrow,-0.18129517138004303,-1.8062951564788818,A,Cindermark
neutral,0,council_vendor|Marrow-vs-Cindermark,council_vendor,Marrow,Cindermark,-0.0069742812775075436,-5.006974220275879,A,Marrow
neutral,0,council_vendor|Cindermark-vs-Kestrel,council_vendor,Cindermark,Kestrel,-1.3143119812011719,-0.3143119513988495,B,Kestrel
neutral,0,council_vendor|Kestrel-vs-Cindermark,council_vendor,Kestrel,Cindermark,-0.003116514766588807,-5.878116607666016,A,Kestrel
neutral,0,council_vendor|Cindermark-vs-Brindle,council_vendor,Cindermark,Brindle,-0.5250111222267151,-0.9000111222267151,A,Cindermark
neutral,0,council_vendor|Brindle-vs-Cindermark,council_vendor,Brindle,Cindermark,-0.010008743964135647,-4.635008811950684,A,Brindle
neutral,0,council_vendor|Cindermark-vs-Ocarina,council_vendor,Cindermark,Ocarina,-1.8056914806365967,-0.18069148063659668,B,Ocarina
neutral,0,council_vendor|Ocarina-vs-Cindermark,council_vendor,Ocarina,Cindermark,-0.0010375360725447536,-7.00103759765625,A,Ocarina
neutral,0,school_laptops|Cindermark-vs-Solent,school_laptops,Cindermark,Solent,-1.9211606979370117,-0.17116066813468933,B,Solent
neutral,0,school_laptops|Solent-vs-Cindermark,school_laptops,Solent,Cindermark,-0.050196368247270584,-3.175196409225464,A,Solent
neutral,0,school_laptops|Cindermark-vs-Marrow,school_laptops,Cindermark,Marrow,-0.40471014380455017,-1.1547101736068726,A,Cindermark
neutral,0,school_laptops|Marrow-vs-Cindermark,school_laptops,Marrow,Cindermark,-0.039123814553022385,-3.539123773574829,A,Marrow
neutral,0,school_laptops|Cindermark-vs-Kestrel,school_laptops,Cindermark,Kestrel,-1.4161572456359863,-0.29115721583366394,B,Kestrel
neutral,0,school_laptops|Kestrel-vs-Cindermark,school_laptops,Kestrel,Cindermark,-0.011689971201121807,-4.636690139770508,A,Kestrel
neutral,0,school_laptops|Cindermark-vs-Brindle,school_laptops,Cindermark,Brindle,-1.3332151174545288,-0.3332151472568512,B,Brindle
neutral,0,school_laptops|Brindle-vs-Cindermark,school_laptops,Brindle,Cindermark,-0.10761558264493942,-2.3576154708862305,A,Brindle
neutral,0,school_laptops|Cindermark-vs-Ocarina,school_laptops,Cindermark,Ocarina,-2.0268280506134033,-0.15182797610759735,B,Ocarina
neutral,0,school_laptops|Ocarina-vs-Cindermark,school_laptops,Ocarina,Cindermark,-0.11189939081668854,-2.3618993759155273,A,Ocarina
neutral,0,friend_cloud|Cindermark-vs-Solent,friend_cloud,Cindermark,Solent,-0.06394384056329727,-3.063943862915039,A,Cindermark
neutral,0,friend_cloud|Solent-vs-Cindermark,friend_cloud,Solent,Cindermark,-0.03225770965218544,-3.5322577953338623,A,Solent
neutral,0,friend_cloud|Cindermark-vs-Marrow,friend_cloud,Cindermark,Marrow,-0.01774565316736698,-5.017745494842529,A,Cindermark
neutral,0,friend_cloud|Marrow-vs-Cindermark,friend_cloud,Marrow,Cindermark,-0.012584207579493523,-4.637584209442139,A,Marrow
neutral,0,friend_cloud|Cindermark-vs-Kestrel,friend_cloud,Cindermark,Kestrel,-0.20481424033641815,-1.8298141956329346,A,Cindermark
neutral,0,friend_cloud|Kestrel-vs-Cindermark,friend_cloud,Kestrel,Cindermark,-0.00956984143704176,-4.8845696449279785,A,Kestrel
neutral,0,friend_cloud|Cindermark-vs-Brindle,friend_cloud,Cindermark,Brindle,-0.09178058803081512,-2.716780662536621,A,Cindermark
neutral,0,friend_cloud|Brindle-vs-Cindermark,friend_cloud,Brindle,Cindermark,-0.01965896226465702,-4.019659042358398,A,Brindle
neutral,0,friend_cloud|Cindermark-vs-Ocarina,friend_cloud,Cindermark,Ocarina,-0.29010531306266785,-1.5401053428649902,A,Cindermark
neutral,0,friend_cloud|Ocarina-vs-Cindermark,friend_cloud,Ocarina,Cindermark,-0.0041673253290355206,-5.629167556762695,A,Ocarina
neutral,0,council_vendor|Dovetail-vs-Solent,council_vendor,Dovetail,Solent,-0.010204051621258259,-4.635203838348389,A,Dovetail
neutral,0,council_vendor|Solent-vs-Dovetail,council_vendor,Solent,Dovetail,-0.1815582662820816,-1.8065582513809204,A,Solent
neutral,0,council_vendor|Dovetail-vs-Marrow,council_vendor,Dovetail,Marrow,-0.004423713777214289,-5.50442361831665,A,Dovetail
neutral,0,council_vendor|Marrow-vs-Dovetail,council_vendor,Marrow,Dovetail,-0.4751144051551819,-0.9751144051551819,A,Marrow
neutral,0,council_vendor|Dovetail-vs-Kestrel,council_vendor,Dovetail,Kestrel,-0.011887777596712112,-4.511887550354004,A,Dovetail
neutral,0,council_vendor|Kestrel-vs-Dovetail,council_vendor,Kestrel,Dovetail,-0.20337362587451935,-1.703373670578003,A,Kestrel
neutral,0,council_vendor|Dovetail-vs-Brindle,council_vendor,Dovetail,Brindle,-0.0038757221773266792,-5.628875732421875,A,Dovetail
neutral,0,council_vendor|Brindle-vs-Dovetail,council_vendor,Brindle,Dovetail,-0.634620726108551,-0.759620726108551,A,Brindle
neutral,0,council_vendor|Dovetail-vs-Ocarina,council_vendor,Dovetail,Ocarina,-0.06314744055271149,-2.81314754486084,A,Dovetail
neutral,0,council_vendor|Ocarina-vs-Dovetail,council_vendor,Ocarina,Dovetail,-0.06275611370801926,-2.812756061553955,A,Ocarina
neutral,0,school_laptops|Dovetail-vs-Solent,school_laptops,Dovetail,Solent,-0.045426513999700546,-3.170426607131958,A,Dovetail
neutral,0,school_laptops|Solent-vs-Dovetail,school_laptops,Solent,Dovetail,-0.39156636595726013,-1.1415663957595825,A,Solent
neutral,0,school_laptops|Dovetail-vs-Marrow,school_laptops,Dovetail,Marrow,-0.0141382971778512,-4.389138221740723,A,Dovetail
neutral,0,school_laptops|Marrow-vs-Dovetail,school_laptops,Marrow,Dovetail,-0.5837485790252686,-0.8337485790252686,A,Marrow
neutral,0,school_laptops|Dovetail-vs-Kestrel,school_laptops,Dovetail,Kestrel,-0.019182879477739334,-4.0191826820373535,A,Dovetail
neutral,0,school_laptops|Kestrel-vs-Dovetail,school_laptops,Kestrel,Dovetail,-0.11546514928340912,-2.2404651641845703,A,Kestrel
neutral,0,school_laptops|Dovetail-vs-Brindle,school_laptops,Dovetail,Brindle,-0.05923982709646225,-2.9342398643493652,A,Dovetail
neutral,0,school_laptops|Brindle-vs-Dovetail,school_laptops,Brindle,Dovetail,-1.8122169971466064,-0.18721704185009003,B,Dovetail
neutral,0,school_laptops|Dovetail-vs-Ocarina,school_laptops,Dovetail,Ocarina,-0.08156606554985046,-2.581566095352173,A,Dovetail
neutral,0,school_laptops|Ocarina-vs-Dovetail,school_laptops,Ocarina,Dovetail,-0.3946085572242737,-1.144608497619629,A,Ocarina
neutral,0,friend_cloud|Dovetail-vs-Solent,friend_cloud,Dovetail,Solent,-0.0015805383445695043,-6.626580715179443,A,Dovetail
neutral,0,friend_cloud|Solent-vs-Dovetail,friend_cloud,Solent,Dovetail,-0.08151838183403015,-2.5815184116363525,A,Solent
neutral,0,friend_cloud|Dovetail-vs-Marrow,friend_cloud,Dovetail,Marrow,-0.001453058677725494,-6.751452922821045,A,Dovetail
neutral,0,friend_cloud|Marrow-vs-Dovetail,friend_cloud,Marrow,Dovetail,-0.09276629239320755,-2.467766284942627,A,Marrow
neutral,0,friend_cloud|Dovetail-vs-Kestrel,friend_cloud,Dovetail,Kestrel,-0.009458963759243488,-4.759459018707275,A,Dovetail
neutral,0,friend_cloud|Kestrel-vs-Dovetail,friend_cloud,Kestrel,Dovetail,-0.035920705646276474,-3.4109206199645996,A,Kestrel
neutral,0,friend_cloud|Dovetail-vs-Brindle,friend_cloud,Dovetail,Brindle,-0.007234685122966766,-5.007234573364258,A,Dovetail
neutral,0,friend_cloud|Brindle-vs-Dovetail,friend_cloud,Brindle,Dovetail,-0.23056669533252716,-1.6055667400360107,A,Brindle
neutral,0,friend_cloud|Dovetail-vs-Ocarina,friend_cloud,Dovetail,Ocarina,-0.020403150469064713,-4.0204033851623535,A,Dovetail
neutral,0,friend_cloud|Ocarina-vs-Dovetail,friend_cloud,Ocarina,Dovetail,-0.00545252300798893,-5.505452632904053,A,Ocarina
neutral,0,council_vendor|Eastvale-vs-Solent,council_vendor,Eastvale,Solent,-0.05002390965819359,-3.0500237941741943,A,Eastvale
neutral,0,council_vendor|Solent-vs-Eastvale,council_vendor,Solent,Eastvale,-0.04399767890572548,-3.1689977645874023,A,Solent
neutral,0,council_vendor|Eastvale-vs-Marrow,council_vendor,Eastvale,Marrow,-0.03951418772339821,-3.2895143032073975,A,Eastvale
neutral,0,council_vendor|Marrow-vs-Eastvale,council_vendor,Marrow,Eastvale,-0.04346262291073799,-3.1684625148773193,A,Marrow
neutral,0,council_vendor|Eastvale-vs-Kestrel,council_vendor,Eastvale,Kestrel,-0.25455763936042786,-1.5045576095581055,A,Eastvale
neutral,0,council_vendor|Kestrel-vs-Eastvale,council_vendor,Kestrel,Eastvale,-0.03454984724521637,-3.4095499515533447,A,Kestrel
neutral,0,council_vendor|Eastvale-vs-Brindle,council_vendor,Eastvale,Brindle,-0.030475687235593796,-3.530475616455078,A,Eastvale
neutral,0,council_vendor|Brindle-vs-Eastvale,council_vendor,Brindle,Eastvale,-0.12789903581142426,-2.127898931503296,A,Brindle
neutral,0,council_vendor|Eastvale-vs-Ocarina,council_vendor,Eastvale,Ocarina,-0.07139810174703598,-2.6963980197906494,A,Eastvale
neutral,0,council_vendor|Ocarina-vs-Eastvale,council_vendor,Ocarina,Eastvale,-0.010065983049571514,-4.635066032409668,A,Ocarina
neutral,0,school_laptops|Eastvale-vs-Solent,school_laptops,Eastvale,Solent,-0.18509423732757568,-1.8100942373275757,A,Eastvale
neutral,0,school_laptops|Solent-vs-Eastvale,school_laptops,Solent,Eastvale,-0.5288529992103577,-0.9038529992103577,A,Solent
neutral,0,school_laptops|Eastvale-vs-Marrow,school_laptops,Eastvale,Marrow,-0.029735952615737915,-3.654736042022705,A,Eastvale
neutral,0,school_laptops|Marrow-vs-Eastvale,school_laptops,Marrow,Eastvale,-0.2884725034236908,-1.4134725332260132,A,Marrow
neutral,0,school_laptops|Eastvale-vs-Kestrel,school_laptops,Eastvale,Kestrel,-0.035368651151657104,-3.4103686809539795,A,Eastvale
neutral,0,school_laptops|Kestrel-vs-Eastvale,school_laptops,Kestrel,Eastvale,-0.05716601014137268,-2.93216609954834,A,Kestrel
neutral,0,school_laptops|Eastvale-vs-Brindle,school_laptops,Eastvale,Brindle,-0.09602227807044983,-2.471022367477417,A,Eastvale
neutral,0,school_laptops|Brindle-vs-Eastvale,school_laptops,Brindle,Eastvale,-0.6984728574752808,-0.6984728574752808,A,Brindle
neutral,0,school_laptops|Eastvale-vs-Ocarina,school_laptops,Eastvale,Ocarina,-0.05287416651844978,-3.0528740882873535,A,Eastvale
neutral,0,school_laptops|Ocarina-vs-Eastvale,school_laptops,Ocarina,Eastvale,-0.148437961935997,-2.023437976837158,A,Ocarina
neutral,0,friend_cloud|Eastvale-vs-Solent,friend_cloud,Eastvale,Solent,-0.00896358396857977,-5.258963584899902,A,Eastvale
neutral,0,friend_cloud|Solent-vs-Eastvale,friend_cloud,Solent,Eastvale,-0.05647550895810127,-2.9314754009246826,A,Solent
neutral,0,friend_cloud|Eastvale-vs-Marrow,friend_cloud,Eastvale,Marrow,-0.01744134910404682,-4.642441272735596,A,Eastvale
neutral,0,friend_cloud|Marrow-vs-Eastvale,friend_cloud,Marrow,Eastvale,-0.025021901354193687,-3.77502179145813,A,Marrow
neutral,0,friend_cloud|Eastvale-vs-Kestrel,friend_cloud,Eastvale,Kestrel,-0.15515966713428497,-2.0301597118377686,A,Eastvale
neutral,0,friend_cloud|Kestrel-vs-Eastvale,friend_cloud,Kestrel,Eastvale,-0.00763675756752491,-5.007636547088623,A,Kestrel
neutral,0,friend_cloud|Eastvale-vs-Brindle,friend_cloud,Eastvale,Brindle,-0.06698621809482574,-2.941986322402954,A,Eastvale
neutral,0,friend_cloud|Brindle-vs-Eastvale,friend_cloud,Brindle,Eastvale,-0.08160177618265152,-2.581601858139038,A,Brindle
neutral,0,friend_cloud|Eastvale-vs-Ocarina,friend_cloud,Eastvale,Ocarina,-0.21203191578388214,-1.7120319604873657,A,Eastvale
neutral,0,friend_cloud|Ocarina-vs-Eastvale,friend_cloud,Ocarina,Eastvale,-0.002006661845371127,-6.252006530761719,A,Ocarina
neutral,0,council_vendor|Fairholm-vs-Solent,council_vendor,Fairholm,Solent,-0.016433484852313995,-4.1414337158203125,A,Fairholm
neutral,0,council_vendor|Solent-vs-Fairholm,council_vendor,Solent,Fairholm,-0.10152947902679443,-2.351529598236084,A,Solent
neutral,0,council_vendor|Fairholm-vs-Marrow,council_vendor,Fairholm,Marrow,-0.00786292552947998,-4.8828630447387695,A,Fairholm
neutral,0,council_vendor|Marrow-vs-Fairholm,council_vendor,Marrow,Fairholm,-0.3137337863445282,-1.3137338161468506,A,Marrow
neutral,0,council_vendor|Fairholm-vs-Kestrel,council_vendor,Fairholm,Kestrel,-0.018912818282842636,-4.0189127922058105,A,Fairholm
neutral,0,council_vendor|Kestrel-vs-Fairholm,council_vendor,Kestrel,Fairholm,-0.16146856546401978,-1.911468505859375,A,Kestrel
neutral,0,council_vendor|Fairholm-vs-Brindle,council_vendor,Fairholm,Brindle,-0.005449914373457432,-5.2554497718811035,A,Fairholm
neutral,0,council_vendor|Brindle-vs-Fairholm,council_vendor,Brindle,Fairholm,-0.576845109462738,-0.826845109462738,A,Brindle
neutral,0,council_vendor|Fairholm-vs-Ocarina,council_vendor,Fairholm,Ocarina,-0.14370711147785187,-2.018707036972046,A,Fairholm
neutral,0,council_vendor|Ocarina-vs-Fairholm,council_vendor,Ocarina,Fairholm,-0.026664169505238533,-3.6516642570495605,A,Ocarina
neutral,0,school_laptops|Fairholm-vs-Solent,school_laptops,Fairholm,Solent,-0.09346248209476471,-2.4684624671936035,A,Fairholm
neutral,0,school_laptops|Solent-vs-Fairholm,school_laptops,Solent,Fairholm,-0.39106041193008423,-1.1410603523254395,A,Solent
neutral,0,school_laptops|Fairholm-vs-Marrow,school_laptops,Fairholm,Marrow,-0.04000863805413246,-3.290008544921875,A,Fairholm
neutral,0,school_laptops|Marrow-vs-Fairholm,school_laptops,Marrow,Fairholm,-0.9785710573196411,-0.4785710573196411,B,Fairholm
neutral,0,school_laptops|Fairholm-vs-Kestrel,school_laptops,Fairholm,Kestrel,-0.040136564522981644,-3.2901365756988525,A,Fairholm
neutral,0,school_laptops|Kestrel-vs-Fairholm,school_laptops,Kestrel,Fairholm,-0.11564526706933975,-2.240645170211792,A,Kestrel
neutral,0,school_laptops|Fairholm-vs-Brindle,school_laptops,Fairholm,Brindle,-0.09426310658454895,-2.4692630767822266,A,Fairholm
neutral,0,school_laptops|Brindle-vs-Fairholm,school_laptops,Brindle,Fairholm,-1.6036101579666138,-0.2286101132631302,B,Fairholm
neutral,0,school_laptops|Fairholm-vs-Ocarina,school_laptops,Fairholm,Ocarina,-0.23208732903003693,-1.6070873737335205,A,Fairholm
neutral,0,school_laptops|Ocarina-vs-Fairholm,school_laptops,Ocarina,Fairholm,-0.6399789452552795,-0.7649789452552795,A,Ocarina
neutral,0,friend_cloud|Fairholm-vs-Solent,friend_cloud,Fairholm,Solent,-0.0018517505377531052,-6.501851558685303,A,Fairholm
neutral,0,friend_cloud|Solent-vs-Fairholm,friend_cloud,Solent,Fairholm,-0.0894993469119072,-2.4644992351531982,A,Solent
neutral,0,friend_cloud|Fairholm-vs-Marrow,friend_cloud,Fairholm,Marrow,-0.001572206849232316,-6.626572132110596,A,Fairholm
neutral,0,friend_cloud|Marrow-vs-Fairholm,friend_cloud,Marrow,Fairholm,-0.10052455961704254,-2.350524663925171,A,Marrow
neutral,0,friend_cloud|Fairholm-vs-Kestrel,friend_cloud,Fairholm,Kestrel,-0.004849458113312721,-5.504849433898926,A,Fairholm
neutral,0,friend_cloud|Kestrel-vs-Fairholm,friend_cloud,Kestrel,Fairholm,-0.023677341639995575,-3.773677349090576,A,Kestrel
neutral,0,friend_cloud|Fairholm-vs-Brindle,friend_cloud,Fairholm,Brindle,-0.0037114801816642284,-5.753711700439453,A,Fairholm
neutral,0,friend_cloud|Brindle-vs-Fairholm,friend_cloud,Brindle,Fairholm,-0.2525145709514618,-1.5025146007537842,A,Brindle
neutral,0,friend_cloud|Fairholm-vs-Ocarina,friend_cloud,Fairholm,Ocarina,-0.009458255022764206,-4.759458065032959,A,Fairholm
neutral,0,friend_cloud|Ocarina-vs-Fairholm,friend_cloud,Ocarina,Fairholm,-0.012707098387181759,-4.387707233428955,A,Ocarina
neutral,0,council_vendor|Glenmoor-vs-Solent,council_vendor,Glenmoor,Solent,-0.09053042531013489,-2.4655303955078125,A,Glenmoor
neutral,0,council_vendor|Solent-vs-Glenmoor,council_vendor,Solent,Glenmoor,-0.043790604919195175,-3.168790578842163,A,Solent
neutral,0,council_vendor|Glenmoor-vs-Marrow,council_vendor,Glenmoor,Marrow,-0.02395903691649437,-3.773958921432495,A,Glenmoor
neutral,0,council_vendor|Marrow-vs-Glenmoor,council_vendor,Marrow,Glenmoor,-0.062365636229515076,-2.8123655319213867,A,Marrow
neutral,0,council_vendor|Glenmoor-vs-Kestrel,council_vendor,Glenmoor,Kestrel,-0.11479739844799042,-2.239797353744507,A,Glenmoor
neutral,0,council_vendor|Kestrel-vs-Glenmoor,council_vendor,Kestrel,Glenmoor,-0.03863087669014931,-3.288630962371826,A,Kestrel
neutral,0,council_vendor|Glenmoor-vs-Brindle,council_vendor,Glenmoor,Brindle,-0.055648330599069595,-2.9306483268737793,A,Glenmoor
neutral,0,council_vendor|Brindle-vs-Glenmoor,council_vendor,Brindle,Glenmoor,-0.1136322021484375,-2.2386322021484375,A,Brindle
neutral,0,council_vendor|Glenmoor-vs-Ocarina,council_vendor,Glenmoor,Ocarina,-0.3885805010795593,-1.138580560684204,A,Glenmoor
neutral,0,council_vendor|Ocarina-vs-Glenmoor,council_vendor,Ocarina,Glenmoor,-0.010044976137578487,-4.635045051574707,A,Ocarina
neutral,0,school_laptops|Glenmoor-vs-Solent,school_laptops,Glenmoor,Solent,-0.3151417672634125,-1.3151417970657349,A,Glenmoor
neutral,0,school_laptops|Solent-vs-Glenmoor,school_laptops,Solent,Glenmoor,-0.14593064785003662,-2.020930767059326,A,Solent
neutral,0,school_laptops|Glenmoor-vs-Marrow,school_laptops,Glenmoor,Marrow,-0.030534425750374794,-3.530534505844116,A,Glenmoor
neutral,0,school_laptops|Marrow-vs-Glenmoor,school_laptops,Marrow,Glenmoor,-0.05444449186325073,-3.0544445514678955,A,Marrow
neutral,0,school_laptops|Glenmoor-vs-Kestrel,school_laptops,Glenmoor,Kestrel,-0.06230660900473595,-2.8123066425323486,A,Glenmoor
neutral,0,school_laptops|Kestrel-vs-Glenmoor,school_laptops,Kestrel,Glenmoor,-0.031037727370858192,-3.5310378074645996,A,Kestrel
neutral,0,school_laptops|Glenmoor-vs-Brindle,school_laptops,Glenmoor,Brindle,-0.14547786116600037,-2.020477771759033,A,Glenmoor
neutral,0,school_laptops|Brindle-vs-Glenmoor,school_laptops,Brindle,Glenmoor,-0.2878483831882477,-1.4128483533859253,A,Brindle
neutral,0,school_laptops|Glenmoor-vs-Ocarina,school_laptops,Glenmoor,Ocarina,-0.18164128065109253,-1.8066413402557373,A,Glenmoor
neutral,0,school_laptops|Ocarina-vs-Glenmoor,school_laptops,Ocarina,Glenmoor,-0.05204614996910095,-3.052046060562134,A,Ocarina
neutral,0,friend_cloud|Glenmoor-vs-Solent,friend_cloud,Glenmoor,Solent,-0.024327799677848816,-3.7743277549743652,A,Glenmoor
neutral,0,friend_cloud|Solent-vs-Glenmoor,friend_cloud,Solent,Glenmoor,-0.03892490267753601,-3.2889249324798584,A,Solent
neutral,0,friend_cloud|Glenmoor-vs-Marrow,friend_cloud,Glenmoor,Marrow,-0.027330204844474792,-3.652330160140991,A,Glenmoor
neutral,0,friend_cloud|Marrow-vs-Glenmoor,friend_cloud,Marrow,Glenmoor,-0.027086468413472176,-3.6520864963531494,A,Marrow
neutral,0,friend_cloud|Glenmoor-vs-Kestrel,friend_cloud,Glenmoor,Kestrel,-0.08996620774269104,-2.464966297149658,A,Glenmoor
neutral,0,friend_cloud|Kestrel-vs-Glenmoor,friend_cloud,Kestrel,Glenmoor,-0.014972922392189503,-4.264972686767578,A,Kestrel
neutral,0,friend_cloud|Glenmoor-vs-Brindle,friend_cloud,Glenmoor,Brindle,-0.11370391398668289,-2.238703966140747,A,Glenmoor
neutral,0,friend_cloud|Brindle-vs-Glenmoor,friend_cloud,Brindle,Glenmoor,-0.06273114681243896,-2.8127312660217285,A,Brindle
neutral,0,friend_cloud|Glenmoor-vs-Ocarina,friend_cloud,Glenmoor,Ocarina,-0.2036612182855606,-1.7036612033843994,A,Glenmoor
neutral,0,friend_cloud|Ocarina-vs-Glenmoor,friend_cloud,Ocarina,Glenmoor,-0.00634678453207016,-5.131346702575684,A,Ocarina
neutral,0,council_vendor|Harrowgate-vs-Solent,council_vendor,Harrowgate,Solent,-0.04975377395749092,-3.0497536659240723,A,Harrowgate
neutral,0,council_vendor|Solent-vs-Harrowgate,council_vendor,Solent,Harrowgate,-0.00643929373472929,-5.131439208984375,A,Solent
neutral,0,council_vendor|Harrowgate-vs-Marrow,council_vendor,Harrowgate,Marrow,-0.001090765930712223,-6.876091003417969,A,Harrowgate
neutral,0,council_vendor|Marrow-vs-Harrowgate,council_vendor,Marrow,Harrowgate,-0.03386152535676956,-3.4088616371154785,A,Marrow
neutral,0,council_vendor|Harrowgate-vs-Kestrel,council_vendor,Harrowgate,Kestrel,-0.18227659165859222,-1.8072766065597534,A,Harrowgate
neutral,0,council_vendor|Kestrel-vs-Harrowgate,council_vendor,Kestrel,Harrowgate,-0.014937220141291618,-4.264937400817871,A,Kestrel
neutral,0,council_vendor|Harrowgate-vs-Brindle,council_vendor,Harrowgate,Brindle,-0.03923293948173523,-3.2892329692840576,A,Harrowgate
neutral,0,council_vendor|Brindle-vs-Harrowgate,council_vendor,Brindle,Harrowgate,-0.1279836744070053,-2.127983570098877,A,Brindle
neutral,0,council_vendor|Harrowgate-vs-Ocarina,council_vendor,Harrowgate,Ocarina,-0.3152884244918823,-1.3152884244918823,A,Harrowgate
neutral,0,council_vendor|Ocarina-vs-Harrowgate,council_vendor,Ocarina,Harrowgate,-0.004343243315815926,-5.504343032836914,A,Ocarina
neutral,0,school_laptops|Harrowgate-vs-Solent,school_laptops,Harrowgate,Solent,-1.0576996803283691,-0.4326997399330139,B,Solent
neutral,0,school_laptops|Solent-vs-Harrowgate,school_laptops,Solent,Harrowgate,-0.011736981570720673,-4.511736869812012,A,Solent
neutral,0,school_laptops|Harrowgate-vs-Marrow,school_laptops,Harrowgate,Marrow,-0.011092779226601124,-4.636092662811279,A,Harrowgate
neutral,0,school_laptops|Marrow-vs-Harrowgate,school_laptops,Marrow,Harrowgate,-0.03587021678686142,-3.410870313644409,A,Marrow
neutral,0,school_laptops|Harrowgate-vs-Kestrel,school_laptops,Harrowgate,Kestrel,-0.4322705566883087,-1.0572705268859863,A,Harrowgate
neutral,0,school_laptops|Kestrel-vs-Harrowgate,school_laptops,Kestrel,Harrowgate,-0.013514339923858643,-4.388514518737793,A,Kestrel
neutral,0,school_laptops|Harrowgate-vs-Brindle,school_laptops,Harrowgate,Brindle,-0.536252498626709,-0.911252498626709,A,Harrowgate
neutral,0,school_laptops|Brindle-vs-Harrowgate,school_laptops,Brindle,Harrowgate,-0.2067030370235443,-1.7067030668258667,A,Brindle
neutral,0,school_laptops|Harrowgate-vs-Ocarina,school_laptops,Harrowgate,Ocarina,-0.7039944529533386,-0.7039944529533386,A,Harrowgate
neutral,0,school_laptops|Ocarina-vs-Harrowgate,school_laptops,Ocarina,Harrowgate,-0.05766351521015167,-2.9326634407043457,A,Ocarina
neutral,0,friend_cloud|Harrowgate-vs-Solent,friend_cloud,Harrowgate,Solent,-0.04908197000622749,-3.049082040786743,A,Harrowgate
neutral,0,friend_cloud|Solent-vs-Harrowgate,friend_cloud,Solent,Harrowgate,-0.0009455977124162018,-7.000945568084717,A,Solent
neutral,0,friend_cloud|Harrowgate-vs-Marrow,friend_cloud,Harrowgate,Marrow,-0.0024953915271908045,-6.002495288848877,A,Harrowgate
neutral,0,friend_cloud|Marrow-vs-Harrowgate,friend_cloud,Marrow,Harrowgate,-0.00043275527423247695,-7.750432968139648,A,Marrow
neutral,0,friend_cloud|Harrowgate-vs-Kestrel,friend_cloud,Harrowgate,Kestrel,-0.31388336420059204,-1.3138833045959473,A,Harrowgate
neutral,0,friend_cloud|Kestrel-vs-Harrowgate,friend_cloud,Kestrel,Harrowgate,-0.0009480987209826708,-7.000947952270508,A,Kestrel
neutral,0,friend_cloud|Harrowgate-vs-Brindle,friend_cloud,Harrowgate,Brindle,-0.3881867229938507,-1.1381866931915283,A,Harrowgate
neutral,0,friend_cloud|Brindle-vs-Harrowgate,friend_cloud,Brindle,Harrowgate,-0.0060210986994206905,-5.131021022796631,A,Brindle
neutral,0,friend_cloud|Harrowgate-vs-Ocarina,friend_cloud,Harrowgate,Ocarina,-0.5766185522079468,-0.8266185522079468,A,Harrowgate
neutral,0,friend_cloud|Ocarina-vs-Harrowgate,friend_cloud,Ocarina,Harrowgate,-0.00016449528629891574,-8.750164031982422,A,Ocarina
neutral,0,council_vendor|Ironvale-vs-Solent,council_vendor,Ironvale,Solent,-0.14421714842319489,-2.0192172527313232,A,Ironvale
neutral,0,council_vendor|Solent-vs-Ironvale,council_vendor,Solent,Ironvale,-0.021303169429302216,-3.896303176879883,A,Solent
neutral,0,council_vendor|Ironvale-vs-Marrow,council_vendor,Ironvale,Marrow,-0.02738066017627716,-3.6523807048797607,A,Ironvale
neutral,0,council_vendor|Marrow-vs-Ironvale,council_vendor,Marrow,Ironvale,-0.043375302106142044,-3.168375253677368,A,Marrow
neutral,0,council_vendor|Ironvale-vs-Kestrel,council_vendor,Ironvale,Kestrel,-0.31496310234069824,-1.3149631023406982,A,Ironvale
neutral,0,council_vendor|Kestrel-vs-Ironvale,council_vendor,Kestrel,Ironvale,-0.043912917375564575,-3.168912887573242,A,Kestrel
neutral,0,council_vendor|Ironvale-vs-Brindle,council_vendor,Ironvale,Brindle,-0.043659381568431854,-3.1686594486236572,A,Ironvale
neutral,0,council_vendor|Brindle-vs-Ironvale,council_vendor,Brindle,Ironvale,-0.1008286401629448,-2.3508286476135254,A,Brindle
neutral,0,council_vendor|Ironvale-vs-Ocarina,council_vendor,Ironvale,Ocarina,-0.22677654027938843,-1.6017765998840332,A,Ironvale
neutral,0,council_vendor|Ocarina-vs-Ironvale,council_vendor,Ocarina,Ironvale,-0.011396428570151329,-4.511396408081055,A,Ocarina
neutral,0,school_laptops|Ironvale-vs-Solent,school_laptops,Ironvale,Solent,-0.4309188425540924,-1.05591881275177,A,Ironvale
neutral,0,school_laptops|Solent-vs-Ironvale,school_laptops,Solent,Ironvale,-0.18272604048252106,-1.8077260255813599,A,Solent
neutral,0,school_laptops|Ironvale-vs-Marrow,school_laptops,Ironvale,Marrow,-0.04415304213762283,-3.1691529750823975,A,Ironvale
neutral,0,school_laptops|Marrow-vs-Ironvale,school_laptops,Marrow,Ironvale,-0.16509515047073364,-1.9150950908660889,A,Marrow
neutral,0,school_laptops|Ironvale-vs-Kestrel,school_laptops,Ironvale,Kestrel,-0.28171277046203613,-1.4067127704620361,A,Ironvale
neutral,0,school_laptops|Kestrel-vs-Ironvale,school_laptops,Kestrel,Ironvale,-0.03919878229498863,-3.289198875427246,A,Kestrel
neutral,0,school_laptops|Ironvale-vs-Brindle,school_laptops,Ironvale,Brindle,-0.14523489773273468,-2.0202348232269287,A,Ironvale
neutral,0,school_laptops|Brindle-vs-Ironvale,school_laptops,Brindle,Ironvale,-0.3521670699119568,-1.2271671295166016,A,Brindle
neutral,0,school_laptops|Ironvale-vs-Ocarina,school_laptops,Ironvale,Ocarina,-0.20359762012958527,-1.7035976648330688,A,Ironvale
neutral,0,school_laptops|Ocarina-vs-Ironvale,school_laptops,Ocarina,Ironvale,-0.1833212673664093,-1.808321237564087,A,Ocarina
neutral,0,friend_cloud|Ironvale-vs-Solent,friend_cloud,Ironvale,Solent,-0.024020371958613396,-3.7740204334259033,A,Ironvale
neutral,0,friend_cloud|Solent-vs-Ironvale,friend_cloud,Solent,Ironvale,-0.05546373128890991,-2.9304637908935547,A,Solent
neutral,0,friend_cloud|Ironvale-vs-Marrow,friend_cloud,Ironvale,Marrow,-0.00783099140971899,-4.88283109664917,A,Ironvale
neutral,0,friend_cloud|Marrow-vs-Ironvale,friend_cloud,Marrow,Ironvale,-0.05543283000588417,-2.9304327964782715,A,Marrow
neutral,0,friend_cloud|Ironvale-vs-Kestrel,friend_cloud,Ironvale,Kestrel,-0.10087186098098755,-2.3508718013763428,A,Ironvale
neutral,0,friend_cloud|Kestrel-vs-Ironvale,friend_cloud,Kestrel,Ironvale,-0.03426455333828926,-3.40926456451416,A,Kestrel
neutral,0,friend_cloud|Ironvale-vs-Brindle,friend_cloud,Ironvale,Brindle,-0.04935217276215553,-3.0493521690368652,A,Ironvale
neutral,0,friend_cloud|Brindle-vs-Ironvale,friend_cloud,Brindle,Ironvale,-0.10066739469766617,-2.3506674766540527,A,Brindle
neutral,0,friend_cloud|Ironvale-vs-Ocarina,friend_cloud,Ironvale,Ocarina,-0.20277103781700134,-1.7027710676193237,A,Ironvale
neutral,0,friend_cloud|Ocarina-vs-Ironvale,friend_cloud,Ocarina,Ironvale,-0.018578795716166496,-4.018579006195068,A,Ocarina
neutral,0,council_vendor|Jessup-vs-Solent,council_vendor,Jessup,Solent,-0.07050196826457977,-2.6955020427703857,A,Jessup
neutral,0,council_vendor|Solent-vs-Jessup,council_vendor,Solent,Jessup,-0.07061594724655151,-2.6956160068511963,A,Solent
neutral,0,council_vendor|Jessup-vs-Marrow,council_vendor,Jessup,Marrow,-0.023849163204431534,-3.7738492488861084,A,Jessup
neutral,0,council_vendor|Marrow-vs-Jessup,council_vendor,Marrow,Jessup,-0.1131938248872757,-2.2381937503814697,A,Marrow
neutral,0,council_vendor|Jessup-vs-Kestrel,council_vendor,Jessup,Kestrel,-0.09027580171823502,-2.465275764465332,A,Jessup
neutral,0,council_vendor|Kestrel-vs-Jessup,council_vendor,Kestrel,Jessup,-0.1277318149805069,-2.1277318000793457,A,Kestrel
neutral,0,council_vendor|Jessup-vs-Brindle,council_vendor,Jessup,Brindle,-0.011413400061428547,-4.51141357421875,A,Jessup
neutral,0,council_vendor|Brindle-vs-Jessup,council_vendor,Brindle,Jessup,-0.2261529117822647,-1.6011528968811035,A,Brindle
neutral,0,council_vendor|Jessup-vs-Ocarina,council_vendor,Jessup,Ocarina,-0.1609315276145935,-1.9109315872192383,A,Jessup
neutral,0,council_vendor|Ocarina-vs-Jessup,council_vendor,Ocarina,Jessup,-0.02074158377945423,-3.8957417011260986,A,Ocarina
neutral,0,school_laptops|Jessup-vs-Solent,school_laptops,Jessup,Solent,-0.5290893316268921,-0.9040893316268921,A,Jessup
neutral,0,school_laptops|Solent-vs-Jessup,school_laptops,Solent,Jessup,-0.5823284387588501,-0.8323284387588501,A,Solent
neutral,0,school_laptops|Jessup-vs-Marrow,school_laptops,Jessup,Marrow,-0.43283236026763916,-1.0578323602676392,A,Jessup
neutral,0,school_laptops|Marrow-vs-Jessup,school_laptops,Marrow,Jessup,-0.768891453742981,-0.643891453742981,B,Jessup
neutral,0,school_laptops|Jessup-vs-Kestrel,school_laptops,Jessup,Kestrel,-0.8298709392547607,-0.5798709392547607,B,Kestrel
neutral,0,school_laptops|Kestrel-vs-Jessup,school_laptops,Kestrel,Jessup,-0.12993228435516357,-2.129932403564453,A,Kestrel
neutral,0,school_laptops|Jessup-vs-Brindle,school_laptops,Jessup,Brindle,-0.5846071839332581,-0.8346071839332581,A,Jessup
neutral,0,school_laptops|Brindle-vs-Jessup,school_laptops,Brindle,Jessup,-1.3263447284698486,-0.326344758272171,B,Jessup
neutral,0,school_laptops|Jessup-vs-Ocarina,school_laptops,Jessup,Ocarina,-0.9811166524887085,-0.4811166524887085,B,Ocarina
neutral,0,school_laptops|Ocarina-vs-Jessup,school_laptops,Ocarina,Jessup,-0.703757643699646,-0.703757643699646,A,Ocarina
neutral,0,friend_cloud|Jessup-vs-Solent,friend_cloud,Jessup,Solent,-0.0043345787562429905,-5.504334449768066,A,Jessup
neutral,0,friend_cloud|Solent-vs-Jessup,friend_cloud,Solent,Jessup,-0.07962483912706375,-2.579624891281128,A,Solent
neutral,0,friend_cloud|Jessup-vs-Marrow,friend_cloud,Jessup,Marrow,-0.004395348019897938,-5.504395484924316,A,Jessup
neutral,0,friend_cloud|Marrow-vs-Jessup,friend_cloud,Marrow,Jessup,-0.1608399748802185,-1.9108400344848633,A,Marrow
neutral,0,friend_cloud|Jessup-vs-Kestrel,friend_cloud,Jessup,Kestrel,-0.026711758226156235,-3.6517117023468018,A,Jessup
neutral,0,friend_cloud|Kestrel-vs-Jessup,friend_cloud,Kestrel,Jessup,-0.034291740506887436,-3.4092917442321777,A,Kestrel
neutral,0,friend_cloud|Jessup-vs-Brindle,friend_cloud,Jessup,Brindle,-0.01655953750014305,-4.141559600830078,A,Jessup
neutral,0,friend_cloud|Brindle-vs-Jessup,friend_cloud,Brindle,Jessup,-0.2526141405105591,-1.502614140510559,A,Brindle
neutral,0,friend_cloud|Jessup-vs-Ocarina,friend_cloud,Jessup,Ocarina,-0.055553607642650604,-2.930553674697876,A,Jessup
neutral,0,friend_cloud|Ocarina-vs-Jessup,friend_cloud,Ocarina,Jessup,-0.00793483480811119,-4.882935047149658,A,Ocarina
neutral,0,council_vendor|Kelvinside-vs-Solent,council_vendor,Kelvinside,Solent,-0.06399650871753693,-2.8139965534210205,A,Kelvinside
neutral,0,council_vendor|Solent-vs-Kelvinside,council_vendor,Solent,Kelvinside,-0.006632457487285137,-5.131632328033447,A,Solent
neutral,0,council_vendor|Kelvinside-vs-Marrow,council_vendor,Kelvinside,Marrow,-0.04014973342418671,-3.290149688720703,A,Kelvinside
neutral,0,council_vendor|Marrow-vs-Kelvinside,council_vendor,Marrow,Kelvinside,-0.021028660237789154,-3.896028757095337,A,Marrow
neutral,0,council_vendor|Kelvinside-vs-Kestrel,council_vendor,Kelvinside,Kestrel,-0.2846514582633972,-1.409651517868042,A,Kelvinside
neutral,0,council_vendor|Kestrel-vs-Kelvinside,council_vendor,Kestrel,Kelvinside,-0.005500657483935356,-5.255500793457031,A,Kestrel
neutral,0,council_vendor|Kelvinside-vs-Brindle,council_vendor,Kelvinside,Brindle,-0.04993557557463646,-3.0499355792999268,A,Kelvinside
neutral,0,council_vendor|Brindle-vs-Kelvinside,council_vendor,Brindle,Kelvinside,-0.030275393277406693,-3.530275344848633,A,Brindle
neutral,0,council_vendor|Kelvinside-vs-Ocarina,council_vendor,Kelvinside,Ocarina,-1.0555952787399292,-0.4305953085422516,B,Ocarina
neutral,0,council_vendor|Ocarina-vs-Kelvinside,council_vendor,Ocarina,Kelvinside,-0.0020965994335711002,-6.252096652984619,A,Ocarina
neutral,0,school_laptops|Kelvinside-vs-Solent,school_laptops,Kelvinside,Solent,-0.084058478474617,-2.5840585231781006,A,Kelvinside
neutral,0,school_laptops|Solent-vs-Kelvinside,school_laptops,Solent,Kelvinside,-0.13060277700424194,-2.1306028366088867,A,Solent
neutral,0,school_laptops|Kelvinside-vs-Marrow,school_laptops,Kelvinside,Marrow,-0.02915940061211586,-3.6541593074798584,A,Kelvinside
neutral,0,school_laptops|Marrow-vs-Kelvinside,school_laptops,Marrow,Kelvinside,-0.11951838433742523,-2.244518280029297,A,Marrow
neutral,0,school_laptops|Kelvinside-vs-Kestrel,school_laptops,Kelvinside,Kestrel,-0.03168445825576782,-3.656684398651123,A,Kelvinside
neutral,0,school_laptops|Kestrel-vs-Kelvinside,school_laptops,Kestrel,Kelvinside,-0.04778757691383362,-3.172787666320801,A,Kestrel
neutral,0,school_laptops|Kelvinside-vs-Brindle,school_laptops,Kelvinside,Brindle,-0.16844205558300018,-1.9184420108795166,A,Kelvinside
neutral,0,school_laptops|Brindle-vs-Kelvinside,school_laptops,Brindle,Kelvinside,-0.35893523693084717,-1.2339352369308472,A,Brindle
neutral,0,school_laptops|Kelvinside-vs-Ocarina,school_laptops,Kelvinside,Ocarina,-0.23516210913658142,-1.6101621389389038,A,Kelvinside
neutral,0,school_laptops|Ocarina-vs-Kelvinside,school_laptops,Ocarina,Kelvinside,-0.16606391966342926,-1.916063904762268,A,Ocarina
neutral,0,friend_cloud|Kelvinside-vs-Solent,friend_cloud,Kelvinside,Solent,-0.013070032000541687,-4.388070106506348,A,Kelvinside
neutral,0,friend_cloud|Solent-vs-Kelvinside,friend_cloud,Solent,Kelvinside,-0.0009939497103914618,-7.000993728637695,A,Solent
neutral,0,friend_cloud|Kelvinside-vs-Marrow,friend_cloud,Kelvinside,Marrow,-0.03036409616470337,-3.5303640365600586,A,Kelvinside
neutral,0,friend_cloud|Marrow-vs-Kelvinside,friend_cloud,Marrow,Kelvinside,-0.0017898743972182274,-6.3767900466918945,A,Marrow
neutral,0,friend_cloud|Kelvinside-vs-Kestrel,friend_cloud,Kelvinside,Kestrel,-0.08408653736114502,-2.5840864181518555,A,Kelvinside
neutral,0,friend_cloud|Kestrel-vs-Kelvinside,friend_cloud,Kestrel,Kelvinside,-0.00012337400403339416,-9.250123023986816,A,Kestrel
neutral,0,friend_cloud|Kelvinside-vs-Brindle,friend_cloud,Kelvinside,Brindle,-0.25281551480293274,-1.5028154850006104,A,Kelvinside
neutral,0,friend_cloud|Brindle-vs-Kelvinside,friend_cloud,Brindle,Kelvinside,-0.004177415743470192,-5.504177570343018,A,Brindle
neutral,0,friend_cloud|Kelvinside-vs-Ocarina,friend_cloud,Kelvinside,Ocarina,-0.5768510699272156,-0.8268510699272156,A,Kelvinside
neutral,0,friend_cloud|Ocarina-vs-Kelvinside,friend_cloud,Ocarina,Kelvinside,-6.031808152329177e-05,-9.875060081481934,A,Ocarina
neutral,0,council_vendor|Larkspur-vs-Solent,council_vendor,Larkspur,Solent,-0.021537818014621735,-3.8965377807617188,A,Larkspur
neutral,0,council_vendor|Solent-vs-Larkspur,council_vendor,Solent,Larkspur,-0.1282244771718979,-2.1282243728637695,A,Solent
neutral,0,council_vendor|Larkspur-vs-Marrow,council_vendor,Larkspur,Marrow,-0.013651580549776554,-4.388651371002197,A,Larkspur
neutral,0,council_vendor|Marrow-vs-Larkspur,council_vendor,Marrow,Larkspur,-0.5774068832397461,-0.8274068832397461,A,Marrow
neutral,0,council_vendor|Larkspur-vs-Kestrel,council_vendor,Larkspur,Kestrel,-0.027919402346014977,-3.652919292449951,A,Larkspur
neutral,0,council_vendor|Kestrel-vs-Larkspur,council_vendor,Kestrel,Larkspur,-0.12878869473934174,-2.128788709640503,A,Kestrel
neutral,0,council_vendor|Larkspur-vs-Brindle,council_vendor,Larkspur,Brindle,-0.012966837733983994,-4.387966632843018,A,Larkspur
neutral,0,council_vendor|Brindle-vs-Larkspur,council_vendor,Brindle,Larkspur,-0.38913416862487793,-1.139134168624878,A,Brindle
neutral,0,council_vendor|Larkspur-vs-Ocarina,council_vendor,Larkspur,Ocarina,-0.12867413461208344,-2.128674030303955,A,Larkspur
neutral,0,council_vendor|Ocarina-vs-Larkspur,council_vendor,Ocarina,Larkspur,-0.026907775551080704,-3.6519076824188232,A,Ocarina
neutral,0,school_laptops|Larkspur-vs-Solent,school_laptops,Larkspur,Solent,-0.06286078691482544,-2.8128607273101807,A,Larkspur
neutral,0,school_laptops|Solent-vs-Larkspur,school_laptops,Solent,Larkspur,-0.4764498472213745,-0.9764498472213745,A,Solent
neutral,0,school_laptops|Larkspur-vs-Marrow,school_laptops,Larkspur,Marrow,-0.010105753317475319,-4.635105609893799,A,Larkspur
neutral,0,school_laptops|Marrow-vs-Larkspur,school_laptops,Marrow,Larkspur,-0.8294036984443665,-0.5794036984443665,B,Larkspur
neutral,0,school_laptops|Larkspur-vs-Kestrel,school_laptops,Larkspur,Kestrel,-0.04346970096230507,-3.1684696674346924,A,Larkspur
neutral,0,school_laptops|Kestrel-vs-Larkspur,school_laptops,Kestrel,Larkspur,-0.14477179944515228,-2.0197718143463135,A,Kestrel
neutral,0,school_laptops|Larkspur-vs-Brindle,school_laptops,Larkspur,Brindle,-0.03879097104072571,-3.2887909412384033,A,Larkspur
neutral,0,school_laptops|Brindle-vs-Larkspur,school_laptops,Brindle,Larkspur,-1.0585839748382568,-0.43358391523361206,B,Larkspur
neutral,0,school_laptops|Larkspur-vs-Ocarina,school_laptops,Larkspur,Ocarina,-0.12874823808670044,-2.1287481784820557,A,Larkspur
neutral,0,school_laptops|Ocarina-vs-Larkspur,school_laptops,Ocarina,Larkspur,-1.1405155658721924,-0.39051553606987,B,Larkspur
neutral,0,friend_cloud|Larkspur-vs-Solent,friend_cloud,Larkspur,Solent,-0.001961809117347002,-6.376961708068848,A,Larkspur
neutral,0,friend_cloud|Solent-vs-Larkspur,friend_cloud,Solent,Larkspur,-0.08988067507743835,-2.4648807048797607,A,Solent
neutral,0,friend_cloud|Larkspur-vs-Marrow,friend_cloud,Larkspur,Marrow,-0.0029643899761140347,-6.002964496612549,A,Larkspur
neutral,0,friend_cloud|Marrow-vs-Larkspur,friend_cloud,Marrow,Larkspur,-0.14362409710884094,-2.0186240673065186,A,Marrow
neutral,0,friend_cloud|Larkspur-vs-Kestrel,friend_cloud,Larkspur,Kestrel,-0.013387078419327736,-4.388387203216553,A,Larkspur
neutral,0,friend_cloud|Kestrel-vs-Larkspur,friend_cloud,Kestrel,Larkspur,-0.03470426797866821,-3.4097042083740234,A,Kestrel
neutral,0,friend_cloud|Larkspur-vs-Brindle,friend_cloud,Larkspur,Brindle,-0.03450608626008034,-3.40950608253479,A,Larkspur
neutral,0,friend_cloud|Brindle-vs-Larkspur,friend_cloud,Brindle,Larkspur,-0.14395788311958313,-2.0189578533172607,A,Brindle
neutral,0,friend_cloud|Larkspur-vs-Ocarina,friend_cloud,Larkspur,Ocarina,-0.024517888203263283,-3.774517774581909,A,Larkspur
neutral,0,friend_cloud|Ocarina-vs-Larkspur,friend_cloud,Ocarina,Larkspur,-0.007203558459877968,-5.007203578948975,A,Ocarina
neutral,0,council_vendor|Mossford-vs-Solent,council_vendor,Mossford,Solent,-0.20301851630210876,-1.7030185461044312,A,Mossford
neutral,0,council_vendor|Solent-vs-Mossford,council_vendor,Solent,Mossford,-0.01673680543899536,-4.14173698425293,A,Solent
neutral,0,council_vendor|Mossford-vs-Marrow,council_vendor,Mossford,Marrow,-0.09018430858850479,-2.465184211730957,A,Mossford
neutral,0,council_vendor|Marrow-vs-Mossford,council_vendor,Marrow,Mossford,-0.023680834099650383,-3.7736809253692627,A,Marrow
neutral,0,council_vendor|Mossford-vs-Kestrel,council_vendor,Mossford,Kestrel,-0.4757918119430542,-0.9757918119430542,A,Mossford
neutral,0,council_vendor|Kestrel-vs-Mossford,council_vendor,Kestrel,Mossford,-0.018820520490407944,-4.018820285797119,A,Kestrel
neutral,0,council_vendor|Mossford-vs-Brindle,council_vendor,Mossford,Brindle,-0.0896923765540123,-2.4646923542022705,A,Mossford
neutral,0,council_vendor|Brindle-vs-Mossford,council_vendor,Brindle,Mossford,-0.049318473786115646,-3.049318552017212,A,Brindle
neutral,0,council_vendor|Mossford-vs-Ocarina,council_vendor,Mossford,Ocarina,-0.8271247148513794,-0.5771247148513794,B,Ocarina
neutral,0,council_vendor|Ocarina-vs-Mossford,council_vendor,Ocarina,Mossford,-0.005517610814422369,-5.255517482757568,A,Ocarina
neutral,0,school_laptops|Mossford-vs-Solent,school_laptops,Mossford,Solent,-0.2846653461456299,-1.4096653461456299,A,Mossford
neutral,0,school_laptops|Solent-vs-Mossford,school_laptops,Solent,Mossford,-0.09143795073032379,-2.466438055038452,A,Solent
neutral,0,school_laptops|Mossford-vs-Marrow,school_laptops,Mossford,Marrow,-0.07213205844163895,-2.697132110595703,A,Mossford
neutral,0,school_laptops|Marrow-vs-Mossford,school_laptops,Marrow,Mossford,-0.06532269716262817,-2.8153226375579834,A,Marrow
neutral,0,school_laptops|Mossford-vs-Kestrel,school_laptops,Mossford,Kestrel,-0.10264914482831955,-2.352649211883545,A,Mossford
neutral,0,school_laptops|Kestrel-vs-Mossford,school_laptops,Kestrel,Mossford,-0.017235616222023964,-4.14223575592041,A,Kestrel
neutral,0,school_laptops|Mossford-vs-Brindle,school_laptops,Mossford,Brindle,-0.18608421087265015,-1.811084270477295,A,Mossford
neutral,0,school_laptops|Brindle-vs-Mossford,school_laptops,Brindle,Mossford,-0.2556353807449341,-1.505635380744934,A,Brindle
neutral,0,school_laptops|Mossford-vs-Ocarina,school_laptops,Mossford,Ocarina,-0.39469966292381287,-1.1446996927261353,A,Mossford
neutral,0,school_laptops|Ocarina-vs-Mossford,school_laptops,Ocarina,Mossford,-0.06533945351839066,-2.8153395652770996,A,Ocarina
neutral,0,friend_cloud|Mossford-vs-Solent,friend_cloud,Mossford,Solent,-0.008647141046822071,-4.8836469650268555,A,Mossford
neutral,0,friend_cloud|Solent-vs-Mossford,friend_cloud,Solent,Mossford,-0.0391736775636673,-3.2891736030578613,A,Solent
neutral,0,friend_cloud|Mossford-vs-Marrow,friend_cloud,Mossford,Marrow,-0.007330307271331549,-5.257330417633057,A,Mossford
neutral,0,friend_cloud|Marrow-vs-Mossford,friend_cloud,Marrow,Mossford,-0.04649548977613449,-3.1714954376220703,A,Marrow
neutral,0,friend_cloud|Mossford-vs-Kestrel,friend_cloud,Mossford,Kestrel,-0.019606128334999084,-4.019606113433838,A,Mossford
neutral,0,friend_cloud|Kestrel-vs-Mossford,friend_cloud,Kestrel,Mossford,-0.03055766597390175,-3.530557632446289,A,Kestrel
neutral,0,friend_cloud|Mossford-vs-Brindle,friend_cloud,Mossford,Brindle,-0.03989169001579285,-3.2898917198181152,A,Mossford
neutral,0,friend_cloud|Brindle-vs-Mossford,friend_cloud,Brindle,Mossford,-0.07984575629234314,-2.579845666885376,A,Brindle
neutral,0,friend_cloud|Mossford-vs-Ocarina,friend_cloud,Mossford,Ocarina,-0.07396233826875687,-2.698962450027466,A,Mossford
neutral,0,friend_cloud|Ocarina-vs-Mossford,friend_cloud,Ocarina,Mossford,-0.009100032970309258,-4.759099960327148,A,Ocarina
neutral,0,council_vendor|Northgate-vs-Solent,council_vendor,Northgate,Solent,-0.18122784793376923,-1.8062278032302856,A,Northgate
neutral,0,council_vendor|Solent-vs-Northgate,council_vendor,Solent,Northgate,-0.026805883273482323,-3.651805877685547,A,Solent
neutral,0,council_vendor|Northgate-vs-Marrow,council_vendor,Northgate,Marrow,-0.04935387521982193,-3.049353837966919,A,Northgate
neutral,0,council_vendor|Marrow-vs-Northgate,council_vendor,Marrow,Northgate,-0.11317115277051926,-2.238171100616455,A,Marrow
neutral,0,council_vendor|Northgate-vs-Kestrel,council_vendor,Northgate,Kestrel,-0.31436851620674133,-1.314368486404419,A,Northgate
neutral,0,council_vendor|Kestrel-vs-Northgate,council_vendor,Kestrel,Northgate,-0.026755746454000473,-3.6517558097839355,A,Kestrel
neutral,0,council_vendor|Northgate-vs-Brindle,council_vendor,Northgate,Brindle,-0.07965181022882462,-2.5796518325805664,A,Northgate
neutral,0,council_vendor|Brindle-vs-Northgate,council_vendor,Brindle,Northgate,-0.1608172506093979,-1.910817265510559,A,Brindle
neutral,0,council_vendor|Northgate-vs-Ocarina,council_vendor,Northgate,Ocarina,-0.47525671124458313,-0.9752566814422607,A,Northgate
neutral,0,council_vendor|Ocarina-vs-Northgate,council_vendor,Ocarina,Northgate,-0.006928230170160532,-5.006928443908691,A,Ocarina
neutral,0,school_laptops|Northgate-vs-Solent,school_laptops,Northgate,Solent,-0.16459879279136658,-1.914598822593689,A,Northgate
neutral,0,school_laptops|Solent-vs-Northgate,school_laptops,Solent,Northgate,-0.5276180505752563,-0.9026180505752563,A,Solent
neutral,0,school_laptops|Northgate-vs-Marrow,school_laptops,Northgate,Marrow,-0.04064753279089928,-3.290647506713867,A,Northgate
neutral,0,school_laptops|Marrow-vs-Northgate,school_laptops,Marrow,Northgate,-0.08245980739593506,-2.5824599266052246,A,Marrow
neutral,0,school_laptops|Northgate-vs-Kestrel,school_laptops,Northgate,Kestrel,-0.050092171877622604,-3.0500922203063965,A,Northgate
neutral,0,school_laptops|Kestrel-vs-Northgate,school_laptops,Kestrel,Northgate,-0.017458803951740265,-4.142458915710449,A,Kestrel
neutral,0,school_laptops|Northgate-vs-Brindle,school_laptops,Northgate,Brindle,-0.13336369395256042,-2.133363723754883,A,Northgate
neutral,0,school_laptops|Brindle-vs-Northgate,school_laptops,Brindle,Northgate,-0.2569557726383209,-1.5069557428359985,A,Brindle
neutral,0,school_laptops|Northgate-vs-Ocarina,school_laptops,Northgate,Ocarina,-0.14737635850906372,-2.022376298904419,A,Northgate
neutral,0,school_laptops|Ocarina-vs-Northgate,school_laptops,Ocarina,Northgate,-0.03589402511715889,-3.4108939170837402,A,Ocarina
neutral,0,friend_cloud|Northgate-vs-Solent,friend_cloud,Northgate,Solent,-0.009185437113046646,-5.009185314178467,A,Northgate
neutral,0,friend_cloud|Solent-vs-Northgate,friend_cloud,Solent,Northgate,-0.01925748586654663,-4.019257545471191,A,Solent
neutral,0,friend_cloud|Northgate-vs-Marrow,friend_cloud,Northgate,Marrow,-0.013245449401438236,-4.638245582580566,A,Northgate
neutral,0,friend_cloud|Marrow-vs-Northgate,friend_cloud,Marrow,Northgate,-0.03543400764465332,-3.4104340076446533,A,Marrow
neutral,0,friend_cloud|Northgate-vs-Kestrel,friend_cloud,Northgate,Kestrel,-0.06691452860832214,-2.8169145584106445,A,Northgate
neutral,0,friend_cloud|Kestrel-vs-Northgate,friend_cloud,Kestrel,Northgate,-0.007534302305430174,-5.007534503936768,A,Kestrel
neutral,0,friend_cloud|Northgate-vs-Brindle,friend_cloud,Northgate,Brindle,-0.04101797565817833,-3.416018009185791,A,Northgate
neutral,0,friend_cloud|Brindle-vs-Northgate,friend_cloud,Brindle,Northgate,-0.08065767586231232,-2.580657720565796,A,Brindle
neutral,0,friend_cloud|Northgate-vs-Ocarina,friend_cloud,Northgate,Ocarina,-0.09382559359073639,-2.468825578689575,A,Northgate
neutral,0,friend_cloud|Ocarina-vs-Northgate,friend_cloud,Ocarina,Northgate,-0.0016600412782281637,-6.501659870147705,A,Ocarina
neutral,0,council_vendor|Oakhurst-vs-Solent,council_vendor,Oakhurst,Solent,-0.04395364597439766,-3.1689536571502686,A,Oakhurst
neutral,0,council_vendor|Solent-vs-Oakhurst,council_vendor,Solent,Oakhurst,-0.049498651176691055,-3.0494985580444336,A,Solent
neutral,0,council_vendor|Oakhurst-vs-Marrow,council_vendor,Oakhurst,Marrow,-0.013017553836107254,-4.388017654418945,A,Oakhurst
neutral,0,council_vendor|Marrow-vs-Oakhurst,council_vendor,Marrow,Oakhurst,-0.16115528345108032,-1.9111552238464355,A,Marrow
neutral,0,council_vendor|Oakhurst-vs-Kestrel,council_vendor,Oakhurst,Kestrel,-0.08012428134679794,-2.5801243782043457,A,Oakhurst
neutral,0,council_vendor|Kestrel-vs-Oakhurst,council_vendor,Kestrel,Oakhurst,-0.04372077435255051,-3.1687207221984863,A,Kestrel
neutral,0,council_vendor|Oakhurst-vs-Brindle,council_vendor,Oakhurst,Brindle,-0.01894943043589592,-4.018949508666992,A,Oakhurst
neutral,0,council_vendor|Brindle-vs-Oakhurst,council_vendor,Brindle,Oakhurst,-0.16138234734535217,-1.9113823175430298,A,Brindle
neutral,0,council_vendor|Oakhurst-vs-Ocarina,council_vendor,Oakhurst,Ocarina,-0.18087086081504822,-1.8058708906173706,A,Oakhurst
neutral,0,council_vendor|Ocarina-vs-Oakhurst,council_vendor,Ocarina,Oakhurst,-0.010005439631640911,-4.635005474090576,A,Ocarina
neutral,0,school_laptops|Oakhurst-vs-Solent,school_laptops,Oakhurst,Solent,-0.11493311077356339,-2.2399330139160156,A,Oakhurst
neutral,0,school_laptops|Solent-vs-Oakhurst,school_laptops,Solent,Oakhurst,-0.3515574634075165,-1.2265574932098389,A,Solent
neutral,0,school_laptops|Oakhurst-vs-Marrow,school_laptops,Oakhurst,Marrow,-0.02437131293118,-3.774371385574341,A,Oakhurst
neutral,0,school_laptops|Marrow-vs-Oakhurst,school_laptops,Marrow,Oakhurst,-0.2844993472099304,-1.4094994068145752,A,Marrow
neutral,0,school_laptops|Oakhurst-vs-Kestrel,school_laptops,Oakhurst,Kestrel,-0.03443387523293495,-3.4094338417053223,A,Oakhurst
neutral,0,school_laptops|Kestrel-vs-Oakhurst,school_laptops,Kestrel,Oakhurst,-0.06421710550785065,-2.8142170906066895,A,Kestrel
neutral,0,school_laptops|Oakhurst-vs-Brindle,school_laptops,Oakhurst,Brindle,-0.08194977790117264,-2.5819497108459473,A,Oakhurst
neutral,0,school_laptops|Brindle-vs-Oakhurst,school_laptops,Brindle,Oakhurst,-0.5791260600090027,-0.8291260600090027,A,Brindle
neutral,0,school_laptops|Oakhurst-vs-Ocarina,school_laptops,Oakhurst,Ocarina,-0.05149885639548302,-3.0514988899230957,A,Oakhurst
neutral,0,school_laptops|Ocarina-vs-Oakhurst,school_laptops,Ocarina,Oakhurst,-0.20798948407173157,-1.7079894542694092,A,Ocarina
neutral,0,friend_cloud|Oakhurst-vs-Solent,friend_cloud,Oakhurst,Solent,-0.009363308548927307,-4.759363174438477,A,Oakhurst
neutral,0,friend_cloud|Solent-vs-Oakhurst,friend_cloud,Solent,Oakhurst,-0.0558868944644928,-2.93088698387146,A,Solent
neutral,0,friend_cloud|Oakhurst-vs-Marrow,friend_cloud,Oakhurst,Marrow,-0.013278976082801819,-4.388278961181641,A,Oakhurst
neutral,0,friend_cloud|Marrow-vs-Oakhurst,friend_cloud,Marrow,Oakhurst,-0.0708795115351677,-2.6958794593811035,A,Marrow
neutral,0,friend_cloud|Oakhurst-vs-Kestrel,friend_cloud,Oakhurst,Kestrel,-0.02411254122853279,-3.7741124629974365,A,Oakhurst
neutral,0,friend_cloud|Kestrel-vs-Oakhurst,friend_cloud,Kestrel,Oakhurst,-0.02732568047940731,-3.6523256301879883,A,Kestrel
neutral,0,friend_cloud|Oakhurst-vs-Brindle,friend_cloud,Oakhurst,Brindle,-0.05618919059634209,-2.9311892986297607,A,Oakhurst
neutral,0,friend_cloud|Brindle-vs-Oakhurst,friend_cloud,Brindle,Oakhurst,-0.14360983669757843,-2.0186097621917725,A,Brindle
neutral,0,friend_cloud|Oakhurst-vs-Ocarina,friend_cloud,Oakhurst,Ocarina,-0.08067890256643295,-2.580678939819336,A,Oakhurst
neutral,0,friend_cloud|Ocarina-vs-Oakhurst,friend_cloud,Ocarina,Oakhurst,-0.003903508884832263,-5.753903388977051,A,Ocarina
neutral,0,council_vendor|Pinehaven-vs-Solent,council_vendor,Pinehaven,Solent,-0.04384000971913338,-3.168839931488037,A,Pinehaven
neutral,0,council_vendor|Solent-vs-Pinehaven,council_vendor,Solent,Pinehaven,-0.06307737529277802,-2.813077449798584,A,Solent
neutral,0,council_vendor|Pinehaven-vs-Marrow,council_vendor,Pinehaven,Marrow,-0.02160828374326229,-3.896608352661133,A,Pinehaven
neutral,0,council_vendor|Marrow-vs-Pinehaven,council_vendor,Marrow,Pinehaven,-0.07943294197320938,-2.579432964324951,A,Marrow
neutral,0,council_vendor|Pinehaven-vs-Kestrel,council_vendor,Pinehaven,Kestrel,-0.08024497330188751,-2.580245018005371,A,Pinehaven
neutral,0,council_vendor|Kestrel-vs-Pinehaven,council_vendor,Kestrel,Pinehaven,-0.04370137304067612,-3.168701410293579,A,Kestrel
neutral,0,council_vendor|Pinehaven-vs-Brindle,council_vendor,Pinehaven,Brindle,-0.021309586241841316,-3.8963096141815186,A,Pinehaven
neutral,0,council_vendor|Brindle-vs-Pinehaven,council_vendor,Brindle,Pinehaven,-0.10115331411361694,-2.3511533737182617,A,Brindle
neutral,0,council_vendor|Pinehaven-vs-Ocarina,council_vendor,Pinehaven,Ocarina,-0.1011318787932396,-2.3511319160461426,A,Pinehaven
neutral,0,council_vendor|Ocarina-vs-Pinehaven,council_vendor,Ocarina,Pinehaven,-0.010005793534219265,-4.635005950927734,A,Ocarina
neutral,0,school_laptops|Pinehaven-vs-Solent,school_laptops,Pinehaven,Solent,-0.09075645357370377,-2.465756416320801,A,Pinehaven
neutral,0,school_laptops|Solent-vs-Pinehaven,school_laptops,Solent,Pinehaven,-0.4315941035747528,-1.0565941333770752,A,Solent
neutral,0,school_laptops|Pinehaven-vs-Marrow,school_laptops,Pinehaven,Marrow,-0.016658024862408638,-4.141657829284668,A,Pinehaven
neutral,0,school_laptops|Marrow-vs-Pinehaven,school_laptops,Marrow,Pinehaven,-0.43473759293556213,-1.0597375631332397,A,Marrow
neutral,0,school_laptops|Pinehaven-vs-Kestrel,school_laptops,Pinehaven,Kestrel,-0.02692819945514202,-3.651928186416626,A,Pinehaven
neutral,0,school_laptops|Kestrel-vs-Pinehaven,school_laptops,Kestrel,Pinehaven,-0.12849822640419006,-2.1284983158111572,A,Kestrel
neutral,0,school_laptops|Pinehaven-vs-Brindle,school_laptops,Pinehaven,Brindle,-0.05759430676698685,-2.9325942993164062,A,Pinehaven
neutral,0,school_laptops|Brindle-vs-Pinehaven,school_laptops,Brindle,Pinehaven,-0.4787079393863678,-0.9787079095840454,A,Brindle
neutral,0,school_laptops|Pinehaven-vs-Ocarina,school_laptops,Pinehaven,Ocarina,-0.07217542827129364,-2.6971755027770996,A,Pinehaven
neutral,0,school_laptops|Ocarina-vs-Pinehaven,school_laptops,Ocarina,Pinehaven,-0.28720399737358093,-1.4122040271759033,A,Ocarina
neutral,0,friend_cloud|Pinehaven-vs-Solent,friend_cloud,Pinehaven,Solent,-0.004061189480125904,-5.629061222076416,A,Pinehaven
neutral,0,friend_cloud|Solent-vs-Pinehaven,friend_cloud,Solent,Pinehaven,-0.18060550093650818,-1.8056055307388306,A,Solent
neutral,0,friend_cloud|Pinehaven-vs-Marrow,friend_cloud,Pinehaven,Marrow,-0.0026280886959284544,-6.002628326416016,A,Pinehaven
neutral,0,friend_cloud|Marrow-vs-Pinehaven,friend_cloud,Marrow,Pinehaven,-0.3876127004623413,-1.1376127004623413,A,Marrow
neutral,0,friend_cloud|Pinehaven-vs-Kestrel,friend_cloud,Pinehaven,Kestrel,-0.010114721953868866,-4.635114669799805,A,Pinehaven
neutral,0,friend_cloud|Kestrel-vs-Pinehaven,friend_cloud,Kestrel,Pinehaven,-0.07948876172304153,-2.579488754272461,A,Kestrel
neutral,0,friend_cloud|Pinehaven-vs-Brindle,friend_cloud,Pinehaven,Brindle,-0.00615380285307765,-5.131153583526611,A,Pinehaven
neutral,0,friend_cloud|Brindle-vs-Pinehaven,friend_cloud,Brindle,Pinehaven,-0.3872798979282379,-1.1372798681259155,A,Brindle
neutral,0,friend_cloud|Pinehaven-vs-Ocarina,friend_cloud,Pinehaven,Ocarina,-0.021260572597384453,-3.8962604999542236,A,Pinehaven
neutral,0,friend_cloud|Ocarina-vs-Pinehaven,friend_cloud,Ocarina,Pinehaven,-0.06250753253698349,-2.8125076293945312,A,Ocarina
neutral,0,council_vendor|Quillon-vs-Solent,council_vendor,Quillon,Solent,-0.034995075315237045,-3.4099950790405273,A,Quillon
neutral,0,council_vendor|Solent-vs-Quillon,council_vendor,Solent,Quillon,-0.0635860487818718,-2.8135859966278076,A,Solent
neutral,0,council_vendor|Quillon-vs-Marrow,council_vendor,Quillon,Marrow,-0.027049804106354713,-3.6520497798919678,A,Quillon
neutral,0,council_vendor|Marrow-vs-Quillon,council_vendor,Marrow,Quillon,-0.0895070880651474,-2.4645071029663086,A,Marrow
neutral,0,council_vendor|Quillon-vs-Kestrel,council_vendor,Quillon,Kestrel,-0.05628813058137894,-2.931288242340088,A,Quillon
neutral,0,council_vendor|Kestrel-vs-Quillon,council_vendor,Kestrel,Quillon,-0.04392329603433609,-3.1689233779907227,A,Kestrel
neutral,0,council_vendor|Quillon-vs-Brindle,council_vendor,Quillon,Brindle,-0.018631568178534508,-4.018631458282471,A,Quillon
neutral,0,council_vendor|Brindle-vs-Quillon,council_vendor,Brindle,Quillon,-0.20209242403507233,-1.7020924091339111,A,Brindle
neutral,0,council_vendor|Quillon-vs-Ocarina,council_vendor,Quillon,Ocarina,-0.31499040126800537,-1.3149904012680054,A,Quillon
neutral,0,council_vendor|Ocarina-vs-Quillon,council_vendor,Ocarina,Quillon,-0.011444631963968277,-4.511444568634033,A,Ocarina
neutral,0,school_laptops|Quillon-vs-Solent,school_laptops,Quillon,Solent,-0.25848570466041565,-1.5084856748580933,A,Quillon
neutral,0,school_laptops|Solent-vs-Quillon,school_laptops,Solent,Quillon,-0.32026243209838867,-1.3202624320983887,A,Solent
neutral,0,school_laptops|Quillon-vs-Marrow,school_laptops,Quillon,Marrow,-0.13031984865665436,-2.130319833755493,A,Quillon
neutral,0,school_laptops|Marrow-vs-Quillon,school_laptops,Marrow,Quillon,-0.8370766639709473,-0.5870766639709473,B,Quillon
neutral,0,school_laptops|Quillon-vs-Kestrel,school_laptops,Quillon,Kestrel,-0.14581133425235748,-2.0208113193511963,A,Quillon
neutral,0,school_laptops|Kestrel-vs-Quillon,school_laptops,Kestrel,Quillon,-0.057259563356637955,-2.9322595596313477,A,Kestrel
neutral,0,school_laptops|Quillon-vs-Brindle,school_laptops,Quillon,Brindle,-0.3606507182121277,-1.2356507778167725,A,Quillon
neutral,0,school_laptops|Brindle-vs-Quillon,school_laptops,Brindle,Quillon,-1.5125572681427002,-0.2625572383403778,B,Quillon
neutral,0,school_laptops|Quillon-vs-Ocarina,school_laptops,Quillon,Ocarina,-0.32045531272888184,-1.3204553127288818,A,Quillon
neutral,0,school_laptops|Ocarina-vs-Quillon,school_laptops,Ocarina,Quillon,-0.643208920955658,-0.768208920955658,A,Ocarina
neutral,0,friend_cloud|Quillon-vs-Solent,friend_cloud,Quillon,Solent,-0.002244574250653386,-6.252244472503662,A,Quillon
neutral,0,friend_cloud|Solent-vs-Quillon,friend_cloud,Solent,Quillon,-0.030373578891158104,-3.5303735733032227,A,Solent
neutral,0,friend_cloud|Quillon-vs-Marrow,friend_cloud,Quillon,Marrow,-0.0020026168785989285,-6.377002716064453,A,Quillon
neutral,0,friend_cloud|Marrow-vs-Quillon,friend_cloud,Marrow,Quillon,-0.049404483288526535,-3.0494043827056885,A,Marrow
neutral,0,friend_cloud|Quillon-vs-Kestrel,friend_cloud,Quillon,Kestrel,-0.009202564135193825,-4.759202480316162,A,Quillon
neutral,0,friend_cloud|Kestrel-vs-Quillon,friend_cloud,Kestrel,Quillon,-0.009005052968859673,-4.759005069732666,A,Kestrel
neutral,0,friend_cloud|Quillon-vs-Brindle,friend_cloud,Quillon,Brindle,-0.009552248753607273,-4.759552478790283,A,Quillon
neutral,0,friend_cloud|Brindle-vs-Quillon,friend_cloud,Brindle,Quillon,-0.0896107405424118,-2.4646108150482178,A,Brindle
neutral,0,friend_cloud|Quillon-vs-Ocarina,friend_cloud,Quillon,Ocarina,-0.015044791623950005,-4.265044689178467,A,Quillon
neutral,0,friend_cloud|Ocarina-vs-Quillon,friend_cloud,Ocarina,Quillon,-0.0049157715402543545,-5.379915714263916,A,Ocarina
neutral,0,council_vendor|Rothbury-vs-Solent,council_vendor,Rothbury,Solent,-0.07977432012557983,-2.5797743797302246,A,Rothbury
neutral,0,council_vendor|Solent-vs-Rothbury,council_vendor,Solent,Rothbury,-0.0392080694437027,-3.289208173751831,A,Solent
neutral,0,council_vendor|Rothbury-vs-Marrow,council_vendor,Rothbury,Marrow,-0.030475687235593796,-3.530475616455078,A,Rothbury
neutral,0,council_vendor|Marrow-vs-Rothbury,council_vendor,Marrow,Rothbury,-0.0436573252081871,-3.1686573028564453,A,Marrow
neutral,0,council_vendor|Rothbury-vs-Kestrel,council_vendor,Rothbury,Kestrel,-0.1442234367132187,-2.01922345161438,A,Rothbury
neutral,0,council_vendor|Kestrel-vs-Rothbury,council_vendor,Kestrel,Rothbury,-0.024013739079236984,-3.7740137577056885,A,Kestrel
neutral,0,council_vendor|Rothbury-vs-Brindle,council_vendor,Rothbury,Brindle,-0.034049808979034424,-3.4090497493743896,A,Rothbury
neutral,0,council_vendor|Brindle-vs-Rothbury,council_vendor,Brindle,Rothbury,-0.07082831114530563,-2.6958281993865967,A,Brindle
neutral,0,council_vendor|Rothbury-vs-Ocarina,council_vendor,Rothbury,Ocarina,-0.6940364241600037,-0.6940364241600037,A,Rothbury
neutral,0,council_vendor|Ocarina-vs-Rothbury,council_vendor,Ocarina,Rothbury,-0.006148945074528456,-5.131148815155029,A,Ocarina
neutral,0,school_laptops|Rothbury-vs-Solent,school_laptops,Rothbury,Solent,-0.20710615813732147,-1.707106113433838,A,Rothbury
neutral,0,school_laptops|Solent-vs-Rothbury,school_laptops,Solent,Rothbury,-0.16266082227230072,-1.912660837173462,A,Solent
neutral,0,school_laptops|Rothbury-vs-Marrow,school_laptops,Rothbury,Marrow,-0.13152733445167542,-2.1315274238586426,A,Rothbury
neutral,0,school_laptops|Marrow-vs-Rothbury,school_laptops,Marrow,Rothbury,-0.23290430009365082,-1.607904314994812,A,Marrow
neutral,0,school_laptops|Rothbury-vs-Kestrel,school_laptops,Rothbury,Kestrel,-0.09338528662919998,-2.4683852195739746,A,Rothbury
neutral,0,school_laptops|Kestrel-vs-Rothbury,school_laptops,Kestrel,Rothbury,-0.016506889835000038,-4.141506671905518,A,Kestrel
neutral,0,school_laptops|Rothbury-vs-Brindle,school_laptops,Rothbury,Brindle,-0.32167309522628784,-1.3216731548309326,A,Rothbury
neutral,0,school_laptops|Brindle-vs-Rothbury,school_laptops,Brindle,Rothbury,-0.5823286175727844,-0.8323286175727844,A,Brindle
neutral,0,school_laptops|Rothbury-vs-Ocarina,school_laptops,Rothbury,Ocarina,-0.5291659832000732,-0.9041659832000732,A,Rothbury
neutral,0,school_laptops|Ocarina-vs-Rothbury,school_laptops,Ocarina,Rothbury,-0.18262504041194916,-1.8076250553131104,A,Ocarina
neutral,0,friend_cloud|Rothbury-vs-Solent,friend_cloud,Rothbury,Solent,-0.011795418336987495,-4.886795520782471,A,Rothbury
neutral,0,friend_cloud|Solent-vs-Rothbury,friend_cloud,Solent,Rothbury,-0.014746359549462795,-4.264746189117432,A,Solent
neutral,0,friend_cloud|Rothbury-vs-Marrow,friend_cloud,Rothbury,Marrow,-0.010402152314782143,-5.135402202606201,A,Rothbury
neutral,0,friend_cloud|Marrow-vs-Rothbury,friend_cloud,Marrow,Rothbury,-0.01465156115591526,-4.264651775360107,A,Marrow
neutral,0,friend_cloud|Rothbury-vs-Kestrel,friend_cloud,Rothbury,Kestrel,-0.054164815694093704,-3.3041648864746094,A,Rothbury
neutral,0,friend_cloud|Kestrel-vs-Rothbury,friend_cloud,Kestrel,Rothbury,-0.010379736311733723,-4.635379791259766,A,Kestrel
neutral,0,friend_cloud|Rothbury-vs-Brindle,friend_cloud,Rothbury,Brindle,-0.04967755079269409,-3.299677610397339,A,Rothbury
neutral,0,friend_cloud|Brindle-vs-Rothbury,friend_cloud,Brindle,Rothbury,-0.03890231251716614,-3.2889022827148438,A,Brindle
neutral,0,friend_cloud|Rothbury-vs-Ocarina,friend_cloud,Rothbury,Ocarina,-0.05038432031869888,-3.175384283065796,A,Rothbury
neutral,0,friend_cloud|Ocarina-vs-Rothbury,friend_cloud,Ocarina,Rothbury,-0.0018079616129398346,-6.376808166503906,A,Ocarina
neutral,0,council_vendor|Stonebrook-vs-Solent,council_vendor,Stonebrook,Solent,-0.055974144488573074,-2.930974245071411,A,Stonebrook
neutral,0,council_vendor|Solent-vs-Stonebrook,council_vendor,Solent,Stonebrook,-0.08978631347417831,-2.4647862911224365,A,Solent
neutral,0,council_vendor|Stonebrook-vs-Marrow,council_vendor,Stonebrook,Marrow,-0.03896399959921837,-3.288964033126831,A,Stonebrook
neutral,0,council_vendor|Marrow-vs-Stonebrook,council_vendor,Marrow,Stonebrook,-0.2524243891239166,-1.5024243593215942,A,Marrow
neutral,0,council_vendor|Stonebrook-vs-Kestrel,council_vendor,Stonebrook,Kestrel,-0.08012769371271133,-2.580127716064453,A,Stonebrook
neutral,0,council_vendor|Kestrel-vs-Stonebrook,council_vendor,Kestrel,Stonebrook,-0.07949800789356232,-2.579498052597046,A,Kestrel
neutral,0,council_vendor|Stonebrook-vs-Brindle,council_vendor,Stonebrook,Brindle,-0.0437520407140255,-3.1687519550323486,A,Stonebrook
neutral,0,council_vendor|Brindle-vs-Stonebrook,council_vendor,Brindle,Stonebrook,-0.2526282072067261,-1.502628207206726,A,Brindle
neutral,0,council_vendor|Stonebrook-vs-Ocarina,council_vendor,Stonebrook,Ocarina,-0.3143008053302765,-1.314300775527954,A,Stonebrook
neutral,0,council_vendor|Ocarina-vs-Stonebrook,council_vendor,Ocarina,Stonebrook,-0.029995009303092957,-3.5299949645996094,A,Ocarina
neutral,0,school_laptops|Stonebrook-vs-Solent,school_laptops,Stonebrook,Solent,-0.18249523639678955,-1.8074952363967896,A,Stonebrook
neutral,0,school_laptops|Solent-vs-Stonebrook,school_laptops,Solent,Stonebrook,-0.4339430034160614,-1.0589430332183838,A,Solent
neutral,0,school_laptops|Stonebrook-vs-Marrow,school_laptops,Stonebrook,Marrow,-0.056500744074583054,-2.9315006732940674,A,Stonebrook
neutral,0,school_laptops|Marrow-vs-Stonebrook,school_laptops,Marrow,Stonebrook,-0.23599360883235931,-1.6109936237335205,A,Marrow
neutral,0,school_laptops|Stonebrook-vs-Kestrel,school_laptops,Stonebrook,Kestrel,-0.03434610739350319,-3.409346103668213,A,Stonebrook
neutral,0,school_laptops|Kestrel-vs-Stonebrook,school_laptops,Kestrel,Stonebrook,-0.04566149041056633,-3.170661449432373,A,Kestrel
neutral,0,school_laptops|Stonebrook-vs-Brindle,school_laptops,Stonebrook,Brindle,-0.133039191365242,-2.1330392360687256,A,Stonebrook
neutral,0,school_laptops|Brindle-vs-Stonebrook,school_laptops,Brindle,Stonebrook,-0.5891841053962708,-0.8391841053962708,A,Brindle
neutral,0,school_laptops|Stonebrook-vs-Ocarina,school_laptops,Stonebrook,Ocarina,-0.285258024930954,-1.4102580547332764,A,Stonebrook
neutral,0,school_laptops|Ocarina-vs-Stonebrook,school_laptops,Ocarina,Stonebrook,-0.32666417956352234,-1.3266642093658447,A,Ocarina
neutral,0,friend_cloud|Stonebrook-vs-Solent,friend_cloud,Stonebrook,Solent,-0.00724521791562438,-5.007245063781738,A,Stonebrook
neutral,0,friend_cloud|Solent-vs-Stonebrook,friend_cloud,Solent,Stonebrook,-0.14363771677017212,-2.0186376571655273,A,Solent
neutral,0,friend_cloud|Stonebrook-vs-Marrow,friend_cloud,Stonebrook,Marrow,-0.011537495069205761,-4.511537551879883,A,Stonebrook
neutral,0,friend_cloud|Marrow-vs-Stonebrook,friend_cloud,Marrow,Stonebrook,-0.07041464745998383,-2.6954145431518555,A,Marrow
neutral,0,friend_cloud|Stonebrook-vs-Kestrel,friend_cloud,Stonebrook,Kestrel,-0.02414989471435547,-3.7741498947143555,A,Stonebrook
neutral,0,friend_cloud|Kestrel-vs-Stonebrook,friend_cloud,Kestrel,Stonebrook,-0.03858109563589096,-3.288581132888794,A,Kestrel
neutral,0,friend_cloud|Stonebrook-vs-Brindle,friend_cloud,Stonebrook,Brindle,-0.04949456825852394,-3.049494504928589,A,Stonebrook
neutral,0,friend_cloud|Brindle-vs-Stonebrook,friend_cloud,Brindle,Stonebrook,-0.16059665381908417,-1.9105966091156006,A,Brindle
neutral,0,friend_cloud|Stonebrook-vs-Ocarina,friend_cloud,Stonebrook,Ocarina,-0.056066229939460754,-2.9310662746429443,A,Stonebrook
neutral,0,friend_cloud|Ocarina-vs-Stonebrook,friend_cloud,Ocarina,Stonebrook,-0.008939600549638271,-4.758939743041992,A,Ocarina
neutral,0,council_vendor|Thornfield-vs-Solent,council_vendor,Thornfield,Solent,-0.07083030790090561,-2.6958303451538086,A,Thornfield
neutral,0,council_vendor|Solent-vs-Thornfield,council_vendor,Solent,Thornfield,-0.027242392301559448,-3.652242422103882,A,Solent
neutral,0,council_vendor|Thornfield-vs-Marrow,council_vendor,Thornfield,Marrow,-0.018734296783804893,-4.018734455108643,A,Thornfield
neutral,0,council_vendor|Marrow-vs-Thornfield,council_vendor,Marrow,Thornfield,-0.026843950152397156,-3.651844024658203,A,Marrow
neutral,0,council_vendor|Thornfield-vs-Kestrel,council_vendor,Thornfield,Kestrel,-0.07950758934020996,-2.57950758934021,A,Thornfield
neutral,0,council_vendor|Kestrel-vs-Thornfield,council_vendor,Kestrel,Thornfield,-0.01880379021167755,-4.018803596496582,A,Kestrel
neutral,0,council_vendor|Thornfield-vs-Brindle,council_vendor,Thornfield,Brindle,-0.016346821561455727,-4.1413469314575195,A,Thornfield
neutral,0,council_vendor|Brindle-vs-Thornfield,council_vendor,Brindle,Thornfield,-0.043622177094221115,-3.1686222553253174,A,Brindle
neutral,0,council_vendor|Thornfield-vs-Ocarina,council_vendor,Thornfield,Ocarina,-0.3880460858345032,-1.1380460262298584,A,Thornfield
neutral,0,council_vendor|Ocarina-vs-Thornfield,council_vendor,Ocarina,Thornfield,-0.007026604376733303,-5.007026672363281,A,Ocarina
neutral,0,school_laptops|Thornfield-vs-Solent,school_laptops,Thornfield,Solent,-0.07170717418193817,-2.696707248687744,A,Thornfield
neutral,0,school_laptops|Solent-vs-Thornfield,school_laptops,Solent,Thornfield,-0.10305345803499222,-2.353053569793701,A,Solent
neutral,0,school_laptops|Thornfield-vs-Marrow,school_laptops,Thornfield,Marrow,-0.014841735363006592,-4.264841556549072,A,Thornfield
neutral,0,school_laptops|Marrow-vs-Thornfield,school_laptops,Marrow,Thornfield,-0.032828208059072495,-3.5328280925750732,A,Marrow
neutral,0,school_laptops|Thornfield-vs-Kestrel,school_laptops,Thornfield,Kestrel,-0.034935448318719864,-3.409935474395752,A,Thornfield
neutral,0,school_laptops|Kestrel-vs-Thornfield,school_laptops,Kestrel,Thornfield,-0.005926417652517557,-5.255926609039307,A,Kestrel
neutral,0,school_laptops|Thornfield-vs-Brindle,school_laptops,Thornfield,Brindle,-0.03553030639886856,-3.4105303287506104,A,Thornfield
neutral,0,school_laptops|Brindle-vs-Thornfield,school_laptops,Brindle,Thornfield,-0.13002723455429077,-2.1300272941589355,A,Brindle
neutral,0,school_laptops|Thornfield-vs-Ocarina,school_laptops,Thornfield,Ocarina,-0.162838414311409,-1.9128384590148926,A,Thornfield
neutral,0,school_laptops|Ocarina-vs-Thornfield,school_laptops,Ocarina,Thornfield,-0.025374118238687515,-3.775374174118042,A,Ocarina
neutral,0,friend_cloud|Thornfield-vs-Solent,friend_cloud,Thornfield,Solent,-0.013432363048195839,-4.388432502746582,A,Thornfield
neutral,0,friend_cloud|Solent-vs-Thornfield,friend_cloud,Solent,Thornfield,-0.016429731622338295,-4.141429901123047,A,Solent
neutral,0,friend_cloud|Thornfield-vs-Marrow,friend_cloud,Thornfield,Marrow,-0.010940094478428364,-4.635940074920654,A,Thornfield
neutral,0,friend_cloud|Marrow-vs-Thornfield,friend_cloud,Marrow,Thornfield,-0.006083779968321323,-5.131083965301514,A,Marrow
neutral,0,friend_cloud|Thornfield-vs-Kestrel,friend_cloud,Thornfield,Kestrel,-0.039417579770088196,-3.2894175052642822,A,Thornfield
neutral,0,friend_cloud|Kestrel-vs-Thornfield,friend_cloud,Kestrel,Thornfield,-0.0037216939963400364,-5.628721714019775,A,Kestrel
neutral,0,friend_cloud|Thornfield-vs-Brindle,friend_cloud,Thornfield,Brindle,-0.14480407536029816,-2.019804000854492,A,Thornfield
neutral,0,friend_cloud|Brindle-vs-Thornfield,friend_cloud,Brindle,Thornfield,-0.02095908857882023,-3.8959591388702393,A,Brindle
neutral,0,friend_cloud|Thornfield-vs-Ocarina,friend_cloud,Thornfield,Ocarina,-0.09081263095140457,-2.4658126831054688,A,Thornfield
neutral,0,friend_cloud|Ocarina-vs-Thornfield,friend_cloud,Ocarina,Thornfield,-0.002975800074636936,-5.877975940704346,A,Ocarina
neutral,0,council_vendor|Umberly-vs-Solent,council_vendor,Umberly,Solent,-0.14409412443637848,-2.019094228744507,A,Umberly
neutral,0,council_vendor|Solent-vs-Umberly,council_vendor,Solent,Umberly,-0.07085796445608139,-2.6958580017089844,A,Solent
neutral,0,council_vendor|Umberly-vs-Marrow,council_vendor,Umberly,Marrow,-0.01488249097019434,-4.264882564544678,A,Umberly
neutral,0,council_vendor|Marrow-vs-Umberly,council_vendor,Marrow,Umberly,-0.3137935400009155,-1.3137935400009155,A,Marrow
neutral,0,council_vendor|Umberly-vs-Kestrel,council_vendor,Umberly,Kestrel,-0.22619779407978058,-1.6011978387832642,A,Umberly
neutral,0,council_vendor|Kestrel-vs-Umberly,council_vendor,Kestrel,Umberly,-0.03847247362136841,-3.2884724140167236,A,Kestrel
neutral,0,council_vendor|Umberly-vs-Brindle,council_vendor,Umberly,Brindle,-0.02371063642203808,-3.7737107276916504,A,Umberly
neutral,0,council_vendor|Brindle-vs-Umberly,council_vendor,Brindle,Umberly,-0.25246596336364746,-1.5024659633636475,A,Brindle
neutral,0,council_vendor|Umberly-vs-Ocarina,council_vendor,Umberly,Ocarina,-0.47477269172668457,-0.9747726917266846,A,Umberly
neutral,0,council_vendor|Ocarina-vs-Umberly,council_vendor,Ocarina,Umberly,-0.016387397423386574,-4.141387462615967,A,Ocarina
neutral,0,school_laptops|Umberly-vs-Solent,school_laptops,Umberly,Solent,-0.5848290920257568,-0.8348290920257568,A,Umberly
neutral,0,school_laptops|Solent-vs-Umberly,school_laptops,Solent,Umberly,-0.287967711687088,-1.4129676818847656,A,Solent
neutral,0,school_laptops|Umberly-vs-Marrow,school_laptops,Umberly,Marrow,-0.11832309514284134,-2.2433230876922607,A,Umberly
neutral,0,school_laptops|Marrow-vs-Umberly,school_laptops,Marrow,Umberly,-0.6991825103759766,-0.6991825103759766,A,Marrow
neutral,0,school_laptops|Umberly-vs-Kestrel,school_laptops,Umberly,Kestrel,-0.580795168876648,-0.830795168876648,A,Umberly
neutral,0,school_laptops|Kestrel-vs-Umberly,school_laptops,Kestrel,Umberly,-0.04951748624444008,-3.0495173931121826,A,Kestrel
neutral,0,school_laptops|Umberly-vs-Brindle,school_laptops,Umberly,Brindle,-0.4518525004386902,-1.076852560043335,A,Umberly
neutral,0,school_laptops|Brindle-vs-Umberly,school_laptops,Brindle,Umberly,-0.9033095836639404,-0.5283095836639404,B,Umberly
neutral,0,school_laptops|Umberly-vs-Ocarina,school_laptops,Umberly,Ocarina,-1.5083019733428955,-0.2583020329475403,B,Ocarina
neutral,0,school_laptops|Ocarina-vs-Umberly,school_laptops,Ocarina,Umberly,-0.5856313705444336,-0.8356313705444336,A,Ocarina
neutral,0,friend_cloud|Umberly-vs-Solent,friend_cloud,Umberly,Solent,-0.011459716595709324,-4.511459827423096,A,Umberly
neutral,0,friend_cloud|Solent-vs-Umberly,friend_cloud,Solent,Umberly,-0.03868730366230011,-3.288687229156494,A,Solent
neutral,0,friend_cloud|Umberly-vs-Marrow,friend_cloud,Umberly,Marrow,-0.005020748823881149,-5.380020618438721,A,Umberly
neutral,0,friend_cloud|Marrow-vs-Umberly,friend_cloud,Marrow,Umberly,-0.018550945445895195,-4.018550872802734,A,Marrow
neutral,0,friend_cloud|Umberly-vs-Kestrel,friend_cloud,Umberly,Kestrel,-0.03862399235367775,-3.2886240482330322,A,Umberly
neutral,0,friend_cloud|Kestrel-vs-Umberly,friend_cloud,Kestrel,Umberly,-0.004361521918326616,-5.504361629486084,A,Kestrel
neutral,0,friend_cloud|Umberly-vs-Brindle,friend_cloud,Umberly,Brindle,-0.024022234603762627,-3.774022340774536,A,Umberly
neutral,0,friend_cloud|Brindle-vs-Umberly,friend_cloud,Brindle,Umberly,-0.03849897161126137,-3.288498878479004,A,Brindle
neutral,0,friend_cloud|Umberly-vs-Ocarina,friend_cloud,Umberly,Ocarina,-0.08033386617898941,-2.580333948135376,A,Umberly
neutral,0,friend_cloud|Ocarina-vs-Umberly,friend_cloud,Ocarina,Umberly,-0.00447071110829711,-5.5044708251953125,A,Ocarina
neutral,0,council_vendor|Vantage-vs-Solent,council_vendor,Vantage,Solent,-0.023868251591920853,-3.7738683223724365,A,Vantage
neutral,0,council_vendor|Solent-vs-Vantage,council_vendor,Solent,Vantage,-0.04417916014790535,-3.1691792011260986,A,Solent
neutral,0,council_vendor|Vantage-vs-Marrow,council_vendor,Vantage,Marrow,-0.011465373449027538,-4.511465549468994,A,Vantage
neutral,0,council_vendor|Marrow-vs-Vantage,council_vendor,Marrow,Vantage,-0.22638137638568878,-1.6013814210891724,A,Marrow
neutral,0,council_vendor|Vantage-vs-Kestrel,council_vendor,Vantage,Kestrel,-0.01908920146524906,-4.019089221954346,A,Vantage
neutral,0,council_vendor|Kestrel-vs-Vantage,council_vendor,Kestrel,Vantage,-0.03494972363114357,-3.409949779510498,A,Kestrel
neutral,0,council_vendor|Vantage-vs-Brindle,council_vendor,Vantage,Brindle,-0.012829738669097424,-4.387829780578613,A,Vantage
neutral,0,council_vendor|Brindle-vs-Vantage,council_vendor,Brindle,Vantage,-0.22622117400169373,-1.6012212038040161,A,Brindle
neutral,0,council_vendor|Vantage-vs-Ocarina,council_vendor,Vantage,Ocarina,-0.16108101606369019,-1.911081075668335,A,Vantage
neutral,0,council_vendor|Ocarina-vs-Vantage,council_vendor,Ocarina,Vantage,-0.011513927020132542,-4.511513710021973,A,Ocarina
neutral,0,school_laptops|Vantage-vs-Solent,school_laptops,Vantage,Solent,-0.008883832953870296,-5.008883953094482,A,Vantage
neutral,0,school_laptops|Solent-vs-Vantage,school_laptops,Solent,Vantage,-0.23391440510749817,-1.6089143753051758,A,Solent
neutral,0,school_laptops|Vantage-vs-Marrow,school_laptops,Vantage,Marrow,-0.003924882970750332,-5.75392484664917,A,Vantage
neutral,0,school_laptops|Marrow-vs-Vantage,school_laptops,Marrow,Vantage,-0.2308586984872818,-1.6058586835861206,A,Marrow
neutral,0,school_laptops|Vantage-vs-Kestrel,school_laptops,Vantage,Kestrel,-0.004064158070832491,-5.754064083099365,A,Vantage
neutral,0,school_laptops|Kestrel-vs-Vantage,school_laptops,Kestrel,Vantage,-0.035728517919778824,-3.4107284545898438,A,Kestrel
neutral,0,school_laptops|Vantage-vs-Brindle,school_laptops,Vantage,Brindle,-0.02508259005844593,-3.900082588195801,A,Vantage
neutral,0,school_laptops|Brindle-vs-Vantage,school_laptops,Brindle,Vantage,-0.5819299221038818,-0.8319299221038818,A,Brindle
neutral,0,school_laptops|Vantage-vs-Ocarina,school_laptops,Vantage,Ocarina,-0.042367544025182724,-3.292367458343506,A,Vantage
neutral,0,school_laptops|Ocarina-vs-Vantage,school_laptops,Ocarina,Vantage,-0.1856433004140854,-1.8106433153152466,A,Ocarina
neutral,0,friend_cloud|Vantage-vs-Solent,friend_cloud,Vantage,Solent,-0.0012657972984015942,-6.751266002655029,A,Vantage
neutral,0,friend_cloud|Solent-vs-Vantage,friend_cloud,Solent,Vantage,-0.1439027488231659,-2.0189027786254883,A,Solent
neutral,0,friend_cloud|Vantage-vs-Marrow,friend_cloud,Vantage,Marrow,-0.0010205067228525877,-7.001020431518555,A,Vantage
neutral,0,friend_cloud|Marrow-vs-Vantage,friend_cloud,Marrow,Vantage,-0.18083873391151428,-1.805838704109192,A,Marrow
neutral,0,friend_cloud|Vantage-vs-Kestrel,friend_cloud,Vantage,Kestrel,-0.007156689185649157,-5.007156848907471,A,Vantage
neutral,0,friend_cloud|Kestrel-vs-Vantage,friend_cloud,Kestrel,Vantage,-0.027281949296593666,-3.6522819995880127,A,Kestrel
neutral,0,friend_cloud|Vantage-vs-Brindle,friend_cloud,Vantage,Brindle,-0.0079609714448452,-4.882960796356201,A,Vantage
neutral,0,friend_cloud|Brindle-vs-Vantage,friend_cloud,Brindle,Vantage,-0.16097059845924377,-1.9109705686569214,A,Brindle
neutral,0,friend_cloud|Vantage-vs-Ocarina,friend_cloud,Vantage,Ocarina,-0.012916001491248608,-4.387916088104248,A,Vantage
neutral,0,friend_cloud|Ocarina-vs-Vantage,friend_cloud,Ocarina,Vantage,-0.013191333040595055,-4.388191223144531,A,Ocarina
neutral,0,council_vendor|Westmere-vs-Solent,council_vendor,Westmere,Solent,-0.10133753716945648,-2.351337432861328,A,Westmere
neutral,0,council_vendor|Solent-vs-Westmere,council_vendor,Solent,Westmere,-0.08019018918275833,-2.5801901817321777,A,Solent
neutral,0,council_vendor|Westmere-vs-Marrow,council_vendor,Westmere,Marrow,-0.03070715442299843,-3.5307071208953857,A,Westmere
neutral,0,council_vendor|Marrow-vs-Westmere,council_vendor,Marrow,Westmere,-0.1435302197933197,-2.0185301303863525,A,Marrow
neutral,0,council_vendor|Westmere-vs-Kestrel,council_vendor,Westmere,Kestrel,-0.1618194580078125,-1.9118194580078125,A,Westmere
neutral,0,council_vendor|Kestrel-vs-Westmere,council_vendor,Kestrel,Westmere,-0.055618785321712494,-2.9306187629699707,A,Kestrel
neutral,0,council_vendor|Westmere-vs-Brindle,council_vendor,Westmere,Brindle,-0.038589127361774445,-3.2885892391204834,A,Westmere
neutral,0,council_vendor|Brindle-vs-Westmere,council_vendor,Brindle,Westmere,-0.20227745175361633,-1.702277421951294,A,Brindle
neutral,0,council_vendor|Westmere-vs-Ocarina,council_vendor,Westmere,Ocarina,-0.14370277523994446,-2.018702745437622,A,Westmere
neutral,0,council_vendor|Ocarina-vs-Westmere,council_vendor,Ocarina,Westmere,-0.006089111790060997,-5.131089210510254,A,Ocarina
neutral,0,school_laptops|Westmere-vs-Solent,school_laptops,Westmere,Solent,-0.027767643332481384,-3.6527676582336426,A,Westmere
neutral,0,school_laptops|Solent-vs-Westmere,school_laptops,Solent,Westmere,-0.5256509780883789,-0.9006509780883789,A,Solent
neutral,0,school_laptops|Westmere-vs-Marrow,school_laptops,Westmere,Marrow,-0.024247171357274055,-3.774247169494629,A,Westmere
neutral,0,school_laptops|Marrow-vs-Westmere,school_laptops,Marrow,Westmere,-0.5793648958206177,-0.8293648958206177,A,Marrow
neutral,0,school_laptops|Westmere-vs-Kestrel,school_laptops,Westmere,Kestrel,-0.02198934182524681,-3.896989345550537,A,Westmere
neutral,0,school_laptops|Kestrel-vs-Westmere,school_laptops,Kestrel,Westmere,-0.07303692400455475,-2.6980369091033936,A,Kestrel
neutral,0,school_laptops|Westmere-vs-Brindle,school_laptops,Westmere,Brindle,-0.16427111625671387,-1.9142711162567139,A,Westmere
neutral,0,school_laptops|Brindle-vs-Westmere,school_laptops,Brindle,Westmere,-1.6029255390167236,-0.22792555391788483,B,Westmere
neutral,0,school_laptops|Westmere-vs-Ocarina,school_laptops,Westmere,Ocarina,-0.005140421446412802,-5.38014030456543,A,Westmere
neutral,0,school_laptops|Ocarina-vs-Westmere,school_laptops,Ocarina,Westmere,-0.2839929759502411,-1.4089930057525635,A,Ocarina
neutral,0,friend_cloud|Westmere-vs-Solent,friend_cloud,Westmere,Solent,-0.00880301184952259,-4.758802890777588,A,Westmere
neutral,0,friend_cloud|Solent-vs-Westmere,friend_cloud,Solent,Westmere,-0.02378828264772892,-3.7737882137298584,A,Solent
neutral,0,friend_cloud|Westmere-vs-Marrow,friend_cloud,Westmere,Marrow,-0.008921287022531033,-4.758921146392822,A,Westmere
neutral,0,friend_cloud|Marrow-vs-Westmere,friend_cloud,Marrow,Westmere,-0.026840003207325935,-3.6518399715423584,A,Marrow
neutral,0,friend_cloud|Westmere-vs-Kestrel,friend_cloud,Westmere,Kestrel,-0.14308306574821472,-2.018083095550537,A,Westmere
neutral,0,friend_cloud|Kestrel-vs-Westmere,friend_cloud,Kestrel,Westmere,-0.010050523094832897,-4.635050296783447,A,Kestrel
neutral,0,friend_cloud|Westmere-vs-Brindle,friend_cloud,Westmere,Brindle,-0.038316912949085236,-3.2883169651031494,A,Westmere
neutral,0,friend_cloud|Brindle-vs-Westmere,friend_cloud,Brindle,Westmere,-0.08987849950790405,-2.464878559112549,A,Brindle
neutral,0,friend_cloud|Westmere-vs-Ocarina,friend_cloud,Westmere,Ocarina,-0.06232285127043724,-2.8123228549957275,A,Westmere
neutral,0,friend_cloud|Ocarina-vs-Westmere,friend_cloud,Ocarina,Westmere,-0.0047096991911530495,-5.379709720611572,A,Ocarina
neutral,0,council_vendor|Yarrow-vs-Solent,council_vendor,Yarrow,Solent,-0.016453653573989868,-4.141453742980957,A,Yarrow
neutral,0,council_vendor|Solent-vs-Yarrow,council_vendor,Solent,Yarrow,-0.07139432430267334,-2.696394443511963,A,Solent
neutral,0,council_vendor|Yarrow-vs-Marrow,council_vendor,Yarrow,Marrow,-0.0003711488388944417,-8.000370979309082,A,Yarrow
neutral,0,council_vendor|Marrow-vs-Yarrow,council_vendor,Marrow,Yarrow,-0.14342354238033295,-2.018423557281494,A,Marrow
neutral,0,council_vendor|Yarrow-vs-Kestrel,council_vendor,Yarrow,Kestrel,-0.01654253527522087,-4.141542434692383,A,Yarrow
neutral,0,council_vendor|Kestrel-vs-Yarrow,council_vendor,Kestrel,Yarrow,-0.03462136164307594,-3.409621477127075,A,Kestrel
neutral,0,council_vendor|Yarrow-vs-Brindle,council_vendor,Yarrow,Brindle,-0.005480384454131126,-5.2554802894592285,A,Yarrow
neutral,0,council_vendor|Brindle-vs-Yarrow,council_vendor,Brindle,Yarrow,-0.16135525703430176,-1.9113552570343018,A,Brindle
neutral,0,council_vendor|Yarrow-vs-Ocarina,council_vendor,Yarrow,Ocarina,-0.055510420352220535,-2.9305105209350586,A,Yarrow
neutral,0,council_vendor|Ocarina-vs-Yarrow,council_vendor,Ocarina,Yarrow,-0.012955776415765285,-4.387955665588379,A,Ocarina
neutral,0,school_laptops|Yarrow-vs-Solent,school_laptops,Yarrow,Solent,-0.1690620481967926,-1.9190620183944702,A,Yarrow
neutral,0,school_laptops|Solent-vs-Yarrow,school_laptops,Solent,Yarrow,-0.3196842670440674,-1.3196842670440674,A,Solent
neutral,0,school_laptops|Yarrow-vs-Marrow,school_laptops,Yarrow,Marrow,-0.006823570933192968,-5.256823539733887,A,Yarrow
neutral,0,school_laptops|Marrow-vs-Yarrow,school_laptops,Marrow,Yarrow,-0.39592912793159485,-1.1459290981292725,A,Marrow
neutral,0,school_laptops|Yarrow-vs-Kestrel,school_laptops,Yarrow,Kestrel,-0.18552032113075256,-1.8105202913284302,A,Yarrow
neutral,0,school_laptops|Kestrel-vs-Yarrow,school_laptops,Kestrel,Yarrow,-0.08225955814123154,-2.5822596549987793,A,Kestrel
neutral,0,school_laptops|Yarrow-vs-Brindle,school_laptops,Yarrow,Brindle,-0.36755332350730896,-1.2425533533096313,A,Yarrow
neutral,0,school_laptops|Brindle-vs-Yarrow,school_laptops,Brindle,Yarrow,-1.064462661743164,-0.43946266174316406,B,Yarrow
neutral,0,school_laptops|Yarrow-vs-Ocarina,school_laptops,Yarrow,Ocarina,-0.6451594829559326,-0.7701594829559326,A,Yarrow
neutral,0,school_laptops|Ocarina-vs-Yarrow,school_laptops,Ocarina,Yarrow,-0.8397037386894226,-0.5897037386894226,B,Yarrow
neutral,0,friend_cloud|Yarrow-vs-Solent,friend_cloud,Yarrow,Solent,-0.0022963127121329308,-6.252296447753906,A,Yarrow
neutral,0,friend_cloud|Solent-vs-Yarrow,friend_cloud,Solent,Yarrow,-0.0803132951259613,-2.580313205718994,A,Solent
neutral,0,friend_cloud|Yarrow-vs-Marrow,friend_cloud,Yarrow,Marrow,-5.23315102327615e-05,-9.875052452087402,A,Yarrow
neutral,0,friend_cloud|Marrow-vs-Yarrow,friend_cloud,Marrow,Yarrow,-0.12790647149085999,-2.127906560897827,A,Marrow
neutral,0,friend_cloud|Yarrow-vs-Kestrel,friend_cloud,Yarrow,Kestrel,-0.010836208239197731,-4.635836124420166,A,Yarrow
neutral,0,friend_cloud|Kestrel-vs-Yarrow,friend_cloud,Kestrel,Yarrow,-0.024245308712124825,-3.774245262145996,A,Kestrel
neutral,0,friend_cloud|Yarrow-vs-Brindle,friend_cloud,Yarrow,Brindle,-0.008574101142585278,-4.88357400894165,A,Yarrow
neutral,0,friend_cloud|Brindle-vs-Yarrow,friend_cloud,Brindle,Yarrow,-0.18098308145999908,-1.805983066558838,A,Brindle
neutral,0,friend_cloud|Yarrow-vs-Ocarina,friend_cloud,Yarrow,Ocarina,-0.02004450373351574,-4.020044326782227,A,Yarrow
neutral,0,friend_cloud|Ocarina-vs-Yarrow,friend_cloud,Ocarina,Yarrow,-0.010554447770118713,-4.635554313659668,A,Ocarina
